--- лог открыт: /storage/emulated/0/Download/benzware_aim.log (было 0 байт)
--- лог открыт: /storage/emulated/0/Download/benzware_aim.log (было 93 байт)
09-19 00:08:07.214 (+76.9) фрикам: не включён — массивы Transform не читаются (0x71c0a6cfd0)
09-19 00:08:09.426 (+79.1) фрикам: не включён — массивы Transform не читаются (0x71c0a6cfd0)
09-19 00:08:11.443 (+81.1) фрикам: не включён — массивы Transform не читаются (0x71c0a6cfd0)
09-19 00:08:13.465 (+83.2) фрикам: не включён — массивы Transform не читаются (0x71c0a6cfd0)
09-19 00:08:15.478 (+85.2) фрикам: не включён — массивы Transform не читаются (0x71c0a6cfd0)
09-19 00:08:17.481 (+87.2) фрикам: не включён — массивы Transform не читаются (0x71c0a6cfd0)
09-19 00:08:19.499 (+89.2) фрикам: не включён — массивы Transform не читаются (0x71c0a6cfd0)
09-19 00:08:21.504 (+91.2) фрикам: не включён — массивы Transform не читаются (0x71c0a6cfd0)
09-19 00:08:23.512 (+93.2) фрикам: не включён — массивы Transform не читаются (0x71c0a6cfd0)
09-19 00:08:25.516 (+95.2) фрикам: не включён — массивы Transform не читаются (0x71c0a6cfd0)
09-19 00:08:27.519 (+97.2) фрикам: не включён — массивы Transform не читаются (0x71c0a6cfd0)
09-19 00:08:29.523 (+99.2) фрикам: не включён — массивы Transform не читаются (0x71c0a6cfd0)
09-19 00:08:30.892 (+100.6) аим: выбран режим 1 (Память), аим включён
09-19 00:08:30.911 (+100.6) аим: память кадр=5995 объект=0 отклик=0 записей=0 отказов=0 расхождение=0.0
09-19 00:08:31.162 (+100.9) аим: память кадр=6010 объект=0 отклик=0 записей=0 отказов=0 расхождение=0.0
09-19 00:08:31.412 (+101.1) аим: память кадр=6025 объект=0 отклик=0 записей=0 отказов=0 расхождение=0.0
09-19 00:08:31.529 (+101.2) фрикам: не включён — массивы Transform не читаются (0x71c0a6cfd0)
09-19 00:08:31.663 (+101.4) аим: память кадр=6040 объект=0 отклик=0 записей=0 отказов=0 расхождение=0.0
09-19 00:08:31.913 (+101.6) аим: память кадр=6055 объект=0 отклик=0 записей=0 отказов=0 расхождение=0.0
09-19 00:08:32.164 (+101.9) аим: память кадр=6070 объект=0 отклик=0 записей=0 отказов=0 расхождение=0.0
09-19 00:08:32.414 (+102.1) аим: память кадр=6085 объект=0 отклик=0 записей=0 отказов=0 расхождение=0.0
09-19 00:08:32.665 (+102.4) аим: память кадр=6100 объект=0 отклик=0 записей=0 отказов=0 расхождение=0.0
09-19 00:08:32.922 (+102.6) аим: память кадр=6115 объект=0 отклик=0 записей=0 отказов=0 расхождение=0.0
09-19 00:08:33.167 (+102.9) аим: память кадр=6130 объект=0 отклик=0 записей=0 отказов=0 расхождение=0.0
09-19 00:08:33.416 (+103.1) аим: память кадр=6145 объект=0 отклик=0 записей=0 отказов=0 расхождение=0.0
09-19 00:08:33.533 (+103.2) фрикам: не включён — массивы Transform не читаются (0x71c0a6cfd0)
09-19 00:08:33.666 (+103.4) аим: память кадр=6160 объект=0 отклик=0 записей=0 отказов=0 расхождение=0.0
09-19 00:08:33.917 (+103.6) аим: память кадр=6175 объект=0 отклик=0 записей=0 отказов=0 расхождение=0.0
09-19 00:08:34.167 (+103.9) аим: память кадр=6190 объект=0 отклик=0 записей=0 отказов=0 расхождение=0.0
09-19 00:08:34.418 (+104.1) аим: память кадр=6205 объект=0 отклик=0 записей=0 отказов=0 расхождение=0.0
09-19 00:08:34.669 (+104.4) аим: память кадр=6220 объект=0 отклик=0 записей=0 отказов=0 расхождение=0.0
09-19 00:08:34.919 (+104.6) аим: память кадр=6235 объект=0 отклик=0 записей=0 отказов=0 расхождение=0.0
09-19 00:08:35.170 (+104.9) аим: память кадр=6250 объект=0 отклик=0 записей=0 отказов=0 расхождение=0.0
09-19 00:08:35.420 (+105.1) аим: память кадр=6265 объект=0 отклик=0 записей=0 отказов=0 расхождение=0.0
09-19 00:08:35.541 (+105.2) фрикам: не включён — массивы Transform не читаются (0x71c0a6cfd0)
09-19 00:08:35.670 (+105.4) аим: память кадр=6280 объект=0 отклик=0 записей=0 отказов=0 расхождение=0.0
09-19 00:08:35.923 (+105.6) аим: память кадр=6295 объект=0 отклик=0 записей=0 отказов=0 расхождение=0.0
09-19 00:08:36.172 (+105.9) аим: память кадр=6310 объект=0 отклик=0 записей=0 отказов=0 расхождение=0.0
09-19 00:08:36.423 (+106.1) аим: память кадр=6325 объект=0 отклик=0 записей=0 отказов=0 расхождение=0.0
09-19 00:08:36.673 (+106.4) аим: память кадр=6340 объект=0 отклик=0 записей=0 отказов=0 расхождение=0.0
09-19 00:08:36.924 (+106.6) аим: память кадр=6355 объект=0 отклик=0 записей=0 отказов=0 расхождение=0.0
09-19 00:08:37.174 (+106.9) аим: память кадр=6370 объект=0 отклик=0 записей=0 отказов=0 расхождение=0.0
09-19 00:08:37.425 (+107.1) аим: память кадр=6385 объект=0 отклик=0 записей=0 отказов=0 расхождение=0.0
09-19 00:08:37.675 (+107.4) аим: память кадр=6400 объект=0 отклик=0 записей=0 отказов=0 расхождение=0.0
09-19 00:08:37.809 (+107.5) аим: выключен (режим 1)
09-19 00:08:37.929 (+107.6) аим: память кадр=6412 объект=0 отклик=0 записей=0 отказов=0 расхождение=0.0
09-19 00:08:38.047 (+107.7) фрикам: не включён — массивы Transform не читаются (0x71c0a6cfd0)
09-19 00:08:38.109 (+107.8) аим: включён (режим 1)
09-19 00:08:38.191 (+107.9) аим: память кадр=6427 объект=0 отклик=0 записей=0 отказов=0 расхождение=0.0
09-19 00:08:38.446 (+108.1) аим: память кадр=6441 объект=0 отклик=0 записей=0 отказов=0 расхождение=0.0
09-19 00:08:38.694 (+108.4) аим: память кадр=6456 объект=0 отклик=0 записей=0 отказов=0 расхождение=0.0
09-19 00:08:38.944 (+108.6) аим: память кадр=6471 объект=0 отклик=0 записей=0 отказов=0 расхождение=0.0
09-19 00:08:39.194 (+108.9) аим: память кадр=6486 объект=0 отклик=0 записей=0 отказов=0 расхождение=0.0
09-19 00:08:39.448 (+109.1) аим: выключен (режим 1)
09-19 00:08:39.452 (+109.2) аим: память кадр=6499 объект=0 отклик=0 записей=0 отказов=0 расхождение=0.0
09-19 00:08:39.703 (+109.4) аим: память кадр=6514 объект=0 отклик=0 записей=0 отказов=0 расхождение=0.0
09-19 00:08:39.953 (+109.7) аим: память кадр=6529 объект=0 отклик=0 записей=0 отказов=0 расхождение=0.0
09-19 00:08:40.070 (+109.8) фрикам: не включён — массивы Transform не читаются (0x71c0a6cfd0)
09-19 00:08:40.204 (+109.9) аим: память кадр=6544 объект=0 отклик=0 записей=0 отказов=0 расхождение=0.0
09-19 00:08:40.454 (+110.2) аим: память кадр=6559 объект=0 отклик=0 записей=0 отказов=0 расхождение=0.0
09-19 00:08:40.509 (+110.2) аим: включён (режим 1)
09-19 00:08:40.706 (+110.4) аим: память кадр=6574 объект=0 отклик=0 записей=0 отказов=0 расхождение=0.0
09-19 00:08:40.957 (+110.7) аим: память кадр=6589 объект=0 отклик=0 записей=0 отказов=0 расхождение=0.0
09-19 00:08:41.208 (+110.9) аим: память кадр=6604 объект=0 отклик=0 записей=0 отказов=0 расхождение=0.0
09-19 00:08:41.458 (+111.2) аим: память кадр=6619 объект=0 отклик=0 записей=0 отказов=0 расхождение=0.0
09-19 00:08:41.709 (+111.4) аим: память кадр=6634 объект=0 отклик=0 записей=0 отказов=0 расхождение=0.0
09-19 00:08:41.960 (+111.7) аим: память кадр=6649 объект=0 отклик=0 записей=0 отказов=0 расхождение=0.0
09-19 00:08:42.077 (+111.8) фрикам: не включён — массивы Transform не читаются (0x71c0a6cfd0)
09-19 00:08:42.210 (+111.9) аим: память кадр=6664 объект=0 отклик=0 записей=0 отказов=0 расхождение=0.0
09-19 00:08:42.460 (+112.2) аим: память кадр=6679 объект=0 отклик=0 записей=0 отказов=0 расхождение=0.0
09-19 00:08:42.711 (+112.4) аим: память кадр=6694 объект=0 отклик=0 записей=0 отказов=0 расхождение=0.0
09-19 00:08:42.961 (+112.7) аим: память кадр=6709 объект=0 отклик=0 записей=0 отказов=0 расхождение=0.0
09-19 00:08:43.211 (+112.9) аим: память кадр=6724 объект=0 отклик=0 записей=0 отказов=0 расхождение=0.0
09-19 00:08:43.462 (+113.2) аим: память кадр=6739 объект=0 отклик=0 записей=0 отказов=0 расхождение=0.0
09-19 00:08:43.713 (+113.4) аим: память кадр=6754 объект=0 отклик=0 записей=0 отказов=0 расхождение=0.0
09-19 00:08:43.963 (+113.7) аим: память кадр=6769 объект=0 отклик=0 записей=0 отказов=0 расхождение=0.0
09-19 00:08:44.080 (+113.8) фрикам: не включён — массивы Transform не читаются (0x71c0a6cfd0)
09-19 00:08:44.214 (+113.9) аим: память кадр=6784 объект=0 отклик=0 записей=0 отказов=0 расхождение=0.0
09-19 00:08:44.464 (+114.2) аим: память кадр=6799 объект=0 отклик=0 записей=0 отказов=0 расхождение=0.0
09-19 00:08:44.716 (+114.4) аим: память кадр=6814 объект=0 отклик=0 записей=0 отказов=0 расхождение=0.0
09-19 00:08:44.965 (+114.7) аим: память кадр=6829 объект=0 отклик=0 записей=0 отказов=0 расхождение=0.0
09-19 00:08:45.216 (+114.9) аим: память кадр=6844 объект=0 отклик=0 записей=0 отказов=0 расхождение=0.0
09-19 00:08:45.466 (+115.2) аим: память кадр=6859 объект=0 отклик=0 записей=0 отказов=0 расхождение=0.0
09-19 00:08:45.717 (+115.4) аим: память кадр=6874 объект=0 отклик=0 записей=0 отказов=0 расхождение=0.0
09-19 00:08:45.966 (+115.7) аим: память кадр=6889 объект=0 отклик=0 записей=0 отказов=0 расхождение=0.0
09-19 00:08:46.083 (+115.8) фрикам: не включён — массивы Transform не читаются (0x71c0a6cfd0)
09-19 00:08:46.216 (+115.9) аим: память кадр=6904 объект=0 отклик=0 записей=0 отказов=0 расхождение=0.0
09-19 00:08:46.467 (+116.2) аим: память кадр=6919 объект=0 отклик=0 записей=0 отказов=0 расхождение=0.0
09-19 00:08:46.718 (+116.4) аим: память кадр=6934 объект=0 отклик=0 записей=0 отказов=0 расхождение=0.0
09-19 00:08:46.968 (+116.7) аим: память кадр=6949 объект=0 отклик=0 записей=0 отказов=0 расхождение=0.0
09-19 00:08:47.225 (+116.9) аим: память кадр=6964 объект=0 отклик=0 записей=0 отказов=0 расхождение=0.0
09-19 00:08:47.476 (+117.2) аим: память кадр=6979 объект=0 отклик=0 записей=0 отказов=0 расхождение=0.0
09-19 00:08:47.726 (+117.4) аим: память кадр=6994 объект=0 отклик=0 записей=0 отказов=0 расхождение=0.0
09-19 00:08:47.977 (+117.7) аим: память кадр=7009 объект=0 отклик=0 записей=0 отказов=0 расхождение=0.0
09-19 00:08:48.093 (+117.8) фрикам: не включён — массивы Transform не читаются (0x71c0a6cfd0)
09-19 00:08:48.227 (+117.9) аим: память кадр=7024 объект=0 отклик=0 записей=0 отказов=0 расхождение=0.0
09-19 00:08:48.478 (+118.2) аим: память кадр=7039 объект=0 отклик=0 записей=0 отказов=0 расхождение=0.0
09-19 00:08:48.728 (+118.4) аим: память кадр=7054 объект=0 отклик=0 записей=0 отказов=0 расхождение=0.0
09-19 00:08:48.978 (+118.7) аим: память кадр=7069 объект=0 отклик=0 записей=0 отказов=0 расхождение=0.0
09-19 00:08:49.231 (+118.9) аим: память кадр=7084 объект=0 отклик=0 записей=0 отказов=0 расхождение=0.0
09-19 00:08:49.486 (+119.2) аим: память кадр=7099 объект=0 отклик=0 записей=0 отказов=0 расхождение=0.0
09-19 00:08:49.730 (+119.4) аим: память кадр=7114 объект=0 отклик=0 записей=0 отказов=0 расхождение=0.0
09-19 00:08:49.980 (+119.7) аим: память кадр=7129 объект=0 отклик=0 записей=0 отказов=0 расхождение=0.0
09-19 00:08:50.098 (+119.8) фрикам: не включён — массивы Transform не читаются (0x71c0a6cfd0)
09-19 00:08:50.231 (+119.9) аим: память кадр=7144 объект=0 отклик=0 записей=0 отказов=0 расхождение=0.0
09-19 00:08:50.481 (+120.2) аим: память кадр=7159 объект=0 отклик=0 записей=0 отказов=0 расхождение=0.0
09-19 00:08:50.732 (+120.4) аим: память кадр=7174 объект=0 отклик=0 записей=0 отказов=0 расхождение=0.0
09-19 00:08:50.982 (+120.7) аим: память кадр=7189 объект=0 отклик=0 записей=0 отказов=0 расхождение=0.0
09-19 00:08:51.233 (+120.9) аим: память кадр=7204 объект=0 отклик=0 записей=0 отказов=0 расхождение=0.0
09-19 00:08:51.483 (+121.2) аим: память кадр=7219 объект=0 отклик=0 записей=0 отказов=0 расхождение=0.0
09-19 00:08:51.734 (+121.4) аим: память кадр=7234 объект=0 отклик=0 записей=0 отказов=0 расхождение=0.0
09-19 00:08:51.985 (+121.7) аим: память кадр=7249 объект=0 отклик=0 записей=0 отказов=0 расхождение=0.0
09-19 00:08:52.102 (+121.8) фрикам: не включён — массивы Transform не читаются (0x71c0a6cfd0)
09-19 00:08:52.235 (+121.9) аим: память кадр=7264 объект=0 отклик=0 записей=0 отказов=0 расхождение=0.0
09-19 00:08:52.491 (+122.2) аим: память кадр=7279 объект=0 отклик=0 записей=0 отказов=0 расхождение=0.0
09-19 00:08:52.742 (+122.4) аим: память кадр=7294 объект=0 отклик=0 записей=0 отказов=0 расхождение=0.0
09-19 00:08:52.992 (+122.7) аим: память кадр=7309 объект=0 отклик=0 записей=0 отказов=0 расхождение=0.0
09-19 00:08:53.242 (+122.9) аим: память кадр=7324 объект=0 отклик=0 записей=0 отказов=0 расхождение=0.0
09-19 00:08:53.493 (+123.2) аим: память кадр=7339 объект=0 отклик=0 записей=0 отказов=0 расхождение=0.0
09-19 00:08:53.748 (+123.4) аим: память кадр=7354 объект=0 отклик=0 записей=0 отказов=0 расхождение=0.0
09-19 00:08:53.999 (+123.7) аим: память кадр=7369 объект=0 отклик=0 записей=0 отказов=0 расхождение=0.0
09-19 00:08:54.115 (+123.8) фрикам: не включён — массивы Transform не читаются (0x71c0a6cfd0)
09-19 00:08:54.248 (+123.9) аим: память кадр=7384 объект=0 отклик=0 записей=0 отказов=0 расхождение=0.0
09-19 00:08:54.498 (+124.2) аим: память кадр=7399 объект=0 отклик=0 записей=0 отказов=0 расхождение=0.0
09-19 00:08:54.749 (+124.4) аим: память кадр=7414 объект=0 отклик=0 записей=0 отказов=0 расхождение=0.0
09-19 00:08:54.999 (+124.7) аим: память кадр=7429 объект=0 отклик=0 записей=0 отказов=0 расхождение=0.0
09-19 00:08:55.250 (+124.9) аим: память кадр=7444 объект=0 отклик=0 записей=0 отказов=0 расхождение=0.0
09-19 00:08:55.500 (+125.2) аим: память кадр=7459 объект=0 отклик=0 записей=0 отказов=0 расхождение=0.0
09-19 00:08:55.717 (+125.4) аим: выбран режим 0 (Тач), аим включён
09-19 00:08:56.121 (+125.8) фрикам: не включён — массивы Transform не читаются (0x71c0a6cfd0)
09-19 00:08:58.123 (+127.8) фрикам: не включён — массивы Transform не читаются (0x71c0a6cfd0)
09-19 00:09:00.127 (+129.8) фрикам: не включён — массивы Transform не читаются (0x71c0a6cfd0)
09-19 00:09:02.131 (+131.8) фрикам: не включён — массивы Transform не читаются (0x71c0a6cfd0)
09-19 00:09:04.134 (+133.8) фрикам: не включён — массивы Transform не читаются (0x71c0a6cfd0)
09-19 00:09:05.678 (+135.4) аим: выключен (режим 0)
09-19 00:09:06.148 (+135.8) фрикам: не включён — массивы Transform не читаются (0x71c0a6cfd0)
09-19 00:09:06.389 (+136.1) аим: включён (режим 0)
09-19 00:09:06.651 (+136.4) аим: выключен (режим 0)
09-19 00:09:07.203 (+136.9) аим: включён (режим 0)
09-19 00:09:08.153 (+137.9) фрикам: не включён — массивы Transform не читаются (0x71c0a6cfd0)
09-19 00:09:08.489 (+138.2) аим: выключен (режим 0)
09-19 00:09:08.674 (+138.4) аим: включён (режим 0)
09-19 00:09:09.807 (+139.5) аим: выключен (режим 0)
09-19 00:09:10.156 (+139.9) фрикам: не включён — массивы Transform не читаются (0x71c0a6cfd0)
09-19 00:09:10.425 (+140.1) аим: включён (режим 0)
09-19 00:09:12.161 (+141.9) фрикам: не включён — массивы Transform не читаются (0x71c0a6cfd0)
09-19 00:09:14.164 (+143.9) фрикам: не включён — массивы Transform не читаются (0x71c0a6cfd0)
09-19 00:09:16.168 (+145.9) фрикам: не включён — массивы Transform не читаются (0x71c0a6cfd0)
09-19 00:09:18.174 (+147.9) фрикам: не включён — массивы Transform не читаются (0x71c0a6cfd0)
09-19 00:09:20.178 (+149.9) фрикам: не включён — массивы Transform не читаются (0x71c0a6cfd0)
09-19 00:09:22.182 (+151.9) фрикам: не включён — массивы Transform не читаются (0x71c0a6cfd0)
09-19 00:09:24.184 (+153.9) фрикам: не включён — массивы Transform не читаются (0x71c0a6cfd0)
09-19 00:09:26.188 (+155.9) фрикам: не включён — массивы Transform не читаются (0x71c0a6cfd0)
09-19 00:09:28.191 (+157.9) фрикам: не включён — массивы Transform не читаются (0x71c0a6cfd0)
09-19 00:09:30.196 (+159.9) фрикам: не включён — массивы Transform не читаются (0x71c0a6cfd0)
09-19 00:09:32.199 (+161.9) фрикам: не включён — массивы Transform не читаются (0x71c0a6cfd0)
09-19 00:09:34.202 (+163.9) фрикам: не включён — массивы Transform не читаются (0x71c0a6cfd0)
09-19 00:09:36.205 (+165.9) фрикам: не включён — массивы Transform не читаются (0x71c0a6cfd0)
09-19 00:09:38.212 (+167.9) фрикам: не включён — массивы Transform не читаются (0x71c0a6cfd0)
09-19 00:09:40.216 (+169.9) фрикам: не включён — массивы Transform не читаются (0x71c0a6cfd0)
09-19 00:09:42.220 (+171.9) фрикам: не включён — массивы Transform не читаются (0x71c0a6cfd0)
09-19 00:09:44.223 (+173.9) фрикам: не включён — массивы Transform не читаются (0x71c0a6cfd0)
09-19 00:09:46.227 (+175.9) фрикам: не включён — массивы Transform не читаются (0x71c0a6cfd0)
09-19 00:09:48.229 (+177.9) фрикам: не включён — массивы Transform не читаются (0x71c0a6cfd0)
09-19 00:09:50.244 (+179.9) фрикам: не включён — массивы Transform не читаются (0x71c0a6cfd0)
09-19 00:09:52.350 (+182.1) фрикам: не включён — массивы Transform не читаются (0x71c0a6cfd0)
09-19 00:09:54.770 (+184.5) фрикам: не включён — массивы Transform не читаются (0x71c0a6cfd0)
09-19 00:10:14.215 (+203.9) фрикам: не включён — массивы Transform не читаются (0x71c0a6cfd0)
09-19 00:10:16.221 (+205.9) фрикам: не включён — массивы Transform не читаются (0x71c0a6cfd0)
09-19 00:10:18.225 (+207.9) фрикам: не включён — массивы Transform не читаются (0x71c0a6cfd0)
09-19 00:10:20.228 (+209.9) фрикам: не включён — массивы Transform не читаются (0x71c0a6cfd0)
09-19 00:10:22.232 (+211.9) фрикам: не включён — массивы Transform не читаются (0x71c0a6cfd0)
09-19 00:10:24.239 (+213.9) фрикам: не включён — массивы Transform не читаются (0x71c0a6cfd0)
09-19 00:10:26.243 (+215.9) фрикам: не включён — массивы Transform не читаются (0x71c0a6cfd0)
09-19 00:10:41.203 (+230.9) аим: выбран режим 1 (Память), аим включён
09-19 00:10:41.319 (+231.0) аим: память кадр=13794 объект=0 отклик=0 записей=0 отказов=0 расхождение=0.0
09-19 00:10:41.570 (+231.3) аим: память кадр=13809 объект=0 отклик=0 записей=0 отказов=0 расхождение=0.0
09-19 00:10:41.820 (+231.5) аим: память кадр=13824 объект=0 отклик=0 записей=0 отказов=0 расхождение=0.0
09-19 00:10:42.071 (+231.8) аим: память кадр=13839 объект=0 отклик=0 записей=0 отказов=0 расхождение=0.0
09-19 00:10:42.321 (+232.0) аим: память кадр=13854 объект=0 отклик=0 записей=0 отказов=0 расхождение=0.0
09-19 00:10:42.572 (+232.3) аим: память кадр=13869 объект=0 отклик=0 записей=0 отказов=0 расхождение=0.0
09-19 00:10:42.823 (+232.5) аим: память кадр=13884 объект=0 отклик=0 записей=0 отказов=0 расхождение=0.0
09-19 00:10:43.073 (+232.8) аим: память кадр=13899 объект=0 отклик=0 записей=0 отказов=0 расхождение=0.0
09-19 00:10:43.324 (+233.0) аим: память кадр=13914 объект=0 отклик=0 записей=0 отказов=0 расхождение=0.0
09-19 00:10:43.574 (+233.3) аим: память кадр=13929 объект=0 отклик=0 записей=0 отказов=0 расхождение=0.0
09-19 00:10:43.725 (+233.4) память: MouseLook=0x705c002f00 углы=(2.35, 77.07) чувствительность=0.100 инверсия=0 гироскоп=1
09-19 00:10:43.825 (+233.5) аим: память кадр=13944 объект=1 отклик=0 записей=6 отказов=0 расхождение=0.0
09-19 00:10:44.075 (+233.8) аим: память кадр=13959 объект=1 отклик=0 записей=8 отказов=0 расхождение=0.0
09-19 00:10:44.326 (+234.0) аим: память кадр=13974 объект=1 отклик=0 записей=20 отказов=0 расхождение=0.0
09-19 00:10:44.576 (+234.3) аим: память кадр=13989 объект=1 отклик=0 записей=35 отказов=0 расхождение=0.0
09-19 00:10:44.827 (+234.5) аим: память кадр=14004 объект=1 отклик=0 записей=49 отказов=0 расхождение=0.0
09-19 00:10:45.077 (+234.8) аим: память кадр=14019 объект=0 отклик=0 записей=0 отказов=0 расхождение=0.0
09-19 00:10:45.328 (+235.0) аим: память кадр=14034 объект=0 отклик=0 записей=0 отказов=0 расхождение=0.0
09-19 00:10:45.578 (+235.3) аим: память кадр=14049 объект=0 отклик=0 записей=0 отказов=0 расхождение=0.0
09-19 00:10:45.828 (+235.5) аим: память кадр=14064 объект=0 отклик=0 записей=0 отказов=0 расхождение=0.0
09-19 00:10:46.079 (+235.8) аим: память кадр=14079 объект=1 отклик=0 записей=5 отказов=0 расхождение=0.0
09-19 00:10:46.329 (+236.0) аим: память кадр=14094 объект=1 отклик=0 записей=18 отказов=0 расхождение=0.0
09-19 00:10:46.580 (+236.3) аим: память кадр=14109 объект=1 отклик=0 записей=28 отказов=0 расхождение=0.0
09-19 00:10:46.830 (+236.5) аим: память кадр=14124 объект=1 отклик=0 записей=39 отказов=0 расхождение=0.0
09-19 00:10:47.081 (+236.8) аим: память кадр=14139 объект=0 отклик=0 записей=0 отказов=0 расхождение=0.0
09-19 00:10:47.331 (+237.0) аим: память кадр=14154 объект=0 отклик=0 записей=0 отказов=0 расхождение=0.0
09-19 00:10:47.581 (+237.3) аим: память кадр=14169 объект=0 отклик=0 записей=0 отказов=0 расхождение=0.0
09-19 00:10:47.838 (+237.5) аим: память кадр=14184 объект=1 отклик=0 записей=10 отказов=0 расхождение=0.0
09-19 00:10:48.082 (+237.8) аим: память кадр=14199 объект=1 отклик=0 записей=25 отказов=0 расхождение=0.0
09-19 00:10:48.333 (+238.0) аим: память кадр=14214 объект=1 отклик=0 записей=38 отказов=0 расхождение=0.0
09-19 00:10:48.583 (+238.3) аим: память кадр=14229 объект=1 отклик=0 записей=53 отказов=0 расхождение=0.0
09-19 00:10:48.834 (+238.5) аим: память кадр=14244 объект=1 отклик=0 записей=67 отказов=0 расхождение=0.0
09-19 00:10:49.084 (+238.8) аим: память кадр=14259 объект=1 отклик=0 записей=81 отказов=0 расхождение=0.0
09-19 00:10:49.335 (+239.0) аим: память кадр=14274 объект=0 отклик=0 записей=0 отказов=0 расхождение=0.0
09-19 00:10:49.585 (+239.3) аим: память кадр=14289 объект=0 отклик=0 записей=0 отказов=0 расхождение=0.0
09-19 00:10:49.835 (+239.5) аим: память кадр=14304 объект=0 отклик=0 записей=0 отказов=0 расхождение=0.0
09-19 00:10:50.086 (+239.8) аим: память кадр=14319 объект=0 отклик=0 записей=0 отказов=0 расхождение=0.0
09-19 00:10:50.336 (+240.0) аим: память кадр=14334 объект=0 отклик=0 записей=0 отказов=0 расхождение=0.0
09-19 00:10:50.587 (+240.3) аим: память кадр=14349 объект=0 отклик=0 записей=0 отказов=0 расхождение=0.0
09-19 00:10:50.837 (+240.5) аим: память кадр=14364 объект=0 отклик=0 записей=0 отказов=0 расхождение=0.0
09-19 00:10:51.088 (+240.8) аим: память кадр=14379 объект=0 отклик=0 записей=0 отказов=0 расхождение=0.0
09-19 00:10:51.338 (+241.0) аим: память кадр=14394 объект=0 отклик=0 записей=0 отказов=0 расхождение=0.0
09-19 00:10:51.589 (+241.3) аим: память кадр=14409 объект=0 отклик=0 записей=0 отказов=0 расхождение=0.0
09-19 00:10:51.838 (+241.5) аим: память кадр=14424 объект=0 отклик=0 записей=0 отказов=0 расхождение=0.0
09-19 00:10:52.089 (+241.8) аим: память кадр=14439 объект=0 отклик=0 записей=0 отказов=0 расхождение=0.0
09-19 00:10:52.339 (+242.0) аим: память кадр=14454 объект=0 отклик=0 записей=0 отказов=0 расхождение=0.0
09-19 00:10:52.590 (+242.3) аим: память кадр=14469 объект=0 отклик=0 записей=0 отказов=0 расхождение=0.0
09-19 00:10:52.840 (+242.5) аим: память кадр=14484 объект=0 отклик=0 записей=0 отказов=0 расхождение=0.0
09-19 00:10:53.091 (+242.8) аим: память кадр=14499 объект=0 отклик=0 записей=0 отказов=0 расхождение=0.0
09-19 00:10:53.341 (+243.0) аим: память кадр=14514 объект=0 отклик=0 записей=0 отказов=0 расхождение=0.0
09-19 00:10:53.592 (+243.3) аим: память кадр=14529 объект=0 отклик=0 записей=0 отказов=0 расхождение=0.0
09-19 00:10:53.844 (+243.5) аим: память кадр=14544 объект=0 отклик=0 записей=0 отказов=0 расхождение=0.0
09-19 00:10:54.095 (+243.8) аим: память кадр=14559 объект=0 отклик=0 записей=0 отказов=0 расхождение=0.0
09-19 00:10:54.345 (+244.0) аим: память кадр=14574 объект=0 отклик=0 записей=0 отказов=0 расхождение=0.0
09-19 00:10:54.545 (+244.2) память: MouseLook=0x705a9af8c0 углы=(4.90, -92.32) чувствительность=0.100 инверсия=0 гироскоп=1
09-19 00:10:54.596 (+244.3) аим: память кадр=14589 объект=1 отклик=0 записей=3 отказов=0 расхождение=0.0
09-19 00:10:54.846 (+244.5) аим: память кадр=14604 объект=1 отклик=0 записей=18 отказов=0 расхождение=0.0
09-19 00:10:55.096 (+244.8) аим: память кадр=14619 объект=1 отклик=0 записей=33 отказов=0 расхождение=0.0
09-19 00:10:55.347 (+245.0) аим: память кадр=14634 объект=0 отклик=0 записей=0 отказов=0 расхождение=0.0
09-19 00:10:55.597 (+245.3) аим: память кадр=14649 объект=1 отклик=0 записей=8 отказов=0 расхождение=0.0
09-19 00:10:55.848 (+245.5) аим: память кадр=14664 объект=1 отклик=0 записей=23 отказов=0 расхождение=0.0
09-19 00:10:56.098 (+245.8) аим: память кадр=14679 объект=1 отклик=0 записей=37 отказов=0 расхождение=0.0
09-19 00:10:56.349 (+246.0) аим: память кадр=14694 объект=0 отклик=0 записей=0 отказов=0 расхождение=0.0
09-19 00:10:56.599 (+246.3) аим: память кадр=14709 объект=0 отклик=0 записей=0 отказов=0 расхождение=0.0
09-19 00:10:56.849 (+246.5) аим: память кадр=14724 объект=0 отклик=0 записей=0 отказов=0 расхождение=0.0
09-19 00:10:57.100 (+246.8) аим: память кадр=14739 объект=0 отклик=0 записей=0 отказов=0 расхождение=0.0
09-19 00:10:57.350 (+247.1) аим: память кадр=14754 объект=0 отклик=0 записей=0 отказов=0 расхождение=0.0
09-19 00:10:57.603 (+247.3) аим: память кадр=14769 объект=0 отклик=0 записей=0 отказов=0 расхождение=0.0
09-19 00:10:57.851 (+247.6) аим: память кадр=14784 объект=0 отклик=0 записей=0 отказов=0 расхождение=0.0
09-19 00:10:58.102 (+247.8) аим: память кадр=14799 объект=0 отклик=0 записей=0 отказов=0 расхождение=0.0
09-19 00:10:58.352 (+248.1) аим: память кадр=14814 объект=0 отклик=0 записей=0 отказов=0 расхождение=0.0
09-19 00:10:58.603 (+248.3) аим: память кадр=14829 объект=0 отклик=0 записей=0 отказов=0 расхождение=0.0
09-19 00:10:58.853 (+248.6) аим: память кадр=14844 объект=0 отклик=0 записей=0 отказов=0 расхождение=0.0
09-19 00:10:59.103 (+248.8) аим: память кадр=14859 объект=0 отклик=0 записей=0 отказов=0 расхождение=0.0
09-19 00:10:59.354 (+249.1) аим: память кадр=14874 объект=0 отклик=0 записей=0 отказов=0 расхождение=0.0
09-19 00:10:59.605 (+249.3) аим: память кадр=14889 объект=0 отклик=0 записей=0 отказов=0 расхождение=0.0
09-19 00:10:59.855 (+249.6) аим: память кадр=14904 объект=0 отклик=0 записей=0 отказов=0 расхождение=0.0
09-19 00:11:00.106 (+249.8) аим: память кадр=14919 объект=0 отклик=0 записей=0 отказов=0 расхождение=0.0
09-19 00:11:00.356 (+250.1) аим: память кадр=14934 объект=0 отклик=0 записей=0 отказов=0 расхождение=0.0
09-19 00:11:00.607 (+250.3) аим: память кадр=14949 объект=0 отклик=0 записей=0 отказов=0 расхождение=0.0
09-19 00:11:00.857 (+250.6) аим: память кадр=14964 объект=1 отклик=0 записей=11 отказов=0 расхождение=0.0
09-19 00:11:01.107 (+250.8) аим: память кадр=14979 объект=1 отклик=0 записей=26 отказов=0 расхождение=0.0
09-19 00:11:01.358 (+251.1) аим: память кадр=14994 объект=1 отклик=0 записей=40 отказов=0 расхождение=0.0
09-19 00:11:01.608 (+251.3) аим: память кадр=15009 объект=0 отклик=0 записей=0 отказов=0 расхождение=0.0
09-19 00:11:01.859 (+251.6) аим: память кадр=15024 объект=0 отклик=0 записей=0 отказов=0 расхождение=0.0
09-19 00:11:02.109 (+251.8) аим: память кадр=15039 объект=0 отклик=0 записей=0 отказов=0 расхождение=0.0
09-19 00:11:02.360 (+252.1) аим: память кадр=15054 объект=1 отклик=0 записей=11 отказов=0 расхождение=0.0
09-19 00:11:02.610 (+252.3) аим: память кадр=15069 объект=1 отклик=0 записей=26 отказов=0 расхождение=0.0
09-19 00:11:02.860 (+252.6) аим: память кадр=15084 объект=0 отклик=0 записей=0 отказов=0 расхождение=0.0
09-19 00:11:03.111 (+252.8) аим: память кадр=15099 объект=0 отклик=0 записей=0 отказов=0 расхождение=0.0
09-19 00:11:03.361 (+253.1) аим: память кадр=15114 объект=0 отклик=0 записей=0 отказов=0 расхождение=0.0
09-19 00:11:03.612 (+253.3) аим: память кадр=15129 объект=1 отклик=0 записей=2 отказов=0 расхождение=0.0
09-19 00:11:03.862 (+253.6) аим: память кадр=15144 объект=1 отклик=0 записей=17 отказов=0 расхождение=0.0
09-19 00:11:04.113 (+253.8) аим: память кадр=15159 объект=1 отклик=0 записей=32 отказов=0 расхождение=0.0
09-19 00:11:04.363 (+254.1) аим: память кадр=15174 объект=0 отклик=0 записей=0 отказов=0 расхождение=0.0
09-19 00:11:04.614 (+254.3) аим: память кадр=15189 объект=0 отклик=0 записей=0 отказов=0 расхождение=0.0
09-19 00:11:04.864 (+254.6) аим: память кадр=15204 объект=0 отклик=0 записей=0 отказов=0 расхождение=0.0
09-19 00:11:05.115 (+254.8) аим: память кадр=15219 объект=1 отклик=0 записей=14 отказов=0 расхождение=0.0
09-19 00:11:05.365 (+255.1) аим: память кадр=15234 объект=1 отклик=0 записей=28 отказов=0 расхождение=0.0
09-19 00:11:05.616 (+255.3) аим: память кадр=15249 объект=1 отклик=0 записей=43 отказов=0 расхождение=0.0
09-19 00:11:05.866 (+255.6) аим: память кадр=15264 объект=0 отклик=0 записей=0 отказов=0 расхождение=0.0
09-19 00:11:06.117 (+255.8) аим: память кадр=15279 объект=0 отклик=0 записей=0 отказов=0 расхождение=0.0
09-19 00:11:06.367 (+256.1) аим: память кадр=15294 объект=0 отклик=0 записей=0 отказов=0 расхождение=0.0
09-19 00:11:06.617 (+256.3) аим: память кадр=15309 объект=1 отклик=0 записей=11 отказов=0 расхождение=0.0
09-19 00:11:06.868 (+256.6) аим: память кадр=15324 объект=1 отклик=0 записей=26 отказов=0 расхождение=0.0
09-19 00:11:07.118 (+256.8) аим: память кадр=15339 объект=1 отклик=0 записей=41 отказов=0 расхождение=0.0
09-19 00:11:07.369 (+257.1) аим: память кадр=15354 объект=1 отклик=0 записей=54 отказов=0 расхождение=0.0
09-19 00:11:07.619 (+257.3) аим: память кадр=15369 объект=1 отклик=0 записей=69 отказов=0 расхождение=0.0
09-19 00:11:07.870 (+257.6) аим: память кадр=15384 объект=0 отклик=0 записей=0 отказов=0 расхождение=0.0
09-19 00:11:08.120 (+257.8) аим: память кадр=15399 объект=0 отклик=0 записей=0 отказов=0 расхождение=0.0
09-19 00:11:08.374 (+258.1) аим: память кадр=15414 объект=0 отклик=0 записей=0 отказов=0 расхождение=0.0
09-19 00:11:08.621 (+258.3) аим: память кадр=15429 объект=0 отклик=0 записей=0 отказов=0 расхождение=0.0
09-19 00:11:08.874 (+258.6) аим: память кадр=15444 объект=0 отклик=0 записей=0 отказов=0 расхождение=0.0
09-19 00:11:09.122 (+258.8) аим: память кадр=15459 объект=0 отклик=0 записей=0 отказов=0 расхождение=0.0
09-19 00:11:09.373 (+259.1) аим: память кадр=15474 объект=0 отклик=0 записей=0 отказов=0 расхождение=0.0
09-19 00:11:09.623 (+259.3) аим: память кадр=15489 объект=0 отклик=0 записей=0 отказов=0 расхождение=0.0
09-19 00:11:09.874 (+259.6) аим: память кадр=15504 объект=0 отклик=0 записей=0 отказов=0 расхождение=0.0
09-19 00:11:10.124 (+259.8) аим: память кадр=15519 объект=0 отклик=0 записей=0 отказов=0 расхождение=0.0
09-19 00:11:10.374 (+260.1) аим: память кадр=15534 объект=0 отклик=0 записей=0 отказов=0 расхождение=0.0
09-19 00:11:10.624 (+260.3) аим: память кадр=15549 объект=1 отклик=0 записей=0 отказов=0 расхождение=0.0
09-19 00:11:10.875 (+260.6) аим: память кадр=15564 объект=1 отклик=0 записей=0 отказов=0 расхождение=0.0
09-19 00:11:11.125 (+260.8) аим: память кадр=15579 объект=1 отклик=0 записей=0 отказов=0 расхождение=0.0
09-19 00:11:11.382 (+261.1) аим: память кадр=15594 объект=1 отклик=0 записей=0 отказов=0 расхождение=0.0
09-19 00:11:11.627 (+261.3) аим: память кадр=15609 объект=1 отклик=0 записей=0 отказов=0 расхождение=0.0
09-19 00:11:11.877 (+261.6) аим: память кадр=15624 объект=0 отклик=0 записей=0 отказов=0 расхождение=0.0
09-19 00:11:12.127 (+261.8) аим: память кадр=15639 объект=0 отклик=0 записей=0 отказов=0 расхождение=0.0
09-19 00:11:12.378 (+262.1) аим: память кадр=15654 объект=0 отклик=0 записей=0 отказов=0 расхождение=0.0
09-19 00:11:12.628 (+262.3) аим: память кадр=15669 объект=0 отклик=0 записей=0 отказов=0 расхождение=0.0
09-19 00:11:12.878 (+262.6) аим: память кадр=15684 объект=0 отклик=0 записей=0 отказов=0 расхождение=0.0
09-19 00:11:13.129 (+262.8) аим: память кадр=15699 объект=0 отклик=0 записей=0 отказов=0 расхождение=0.0
09-19 00:11:13.388 (+263.1) аим: память кадр=15714 объект=0 отклик=0 записей=0 отказов=0 расхождение=0.0
09-19 00:11:13.630 (+263.3) аим: память кадр=15729 объект=0 отклик=0 записей=0 отказов=0 расхождение=0.0
09-19 00:11:13.880 (+263.6) аим: память кадр=15744 объект=0 отклик=0 записей=0 отказов=0 расхождение=0.0
09-19 00:11:14.133 (+263.8) аим: память кадр=15759 объект=0 отклик=0 записей=0 отказов=0 расхождение=0.0
09-19 00:11:14.383 (+264.1) аим: память кадр=15774 объект=0 отклик=0 записей=0 отказов=0 расхождение=0.0
09-19 00:11:14.636 (+264.3) аим: память кадр=15789 объект=0 отклик=0 записей=0 отказов=0 расхождение=0.0
09-19 00:11:14.886 (+264.6) аим: память кадр=15804 объект=0 отклик=0 записей=0 отказов=0 расхождение=0.0
09-19 00:11:15.152 (+264.9) аим: память кадр=15820 объект=0 отклик=0 записей=0 отказов=0 расхождение=0.0
09-19 00:11:15.369 (+265.1) память: MouseLook=0x705cf17e60 углы=(1.15, 110.36) чувствительность=0.100 инверсия=0 гироскоп=1
09-19 00:11:15.402 (+265.1) аим: память кадр=15835 объект=1 отклик=0 записей=0 отказов=0 расхождение=0.0
09-19 00:11:15.653 (+265.4) аим: память кадр=15850 объект=1 отклик=0 записей=4 отказов=0 расхождение=0.0
09-19 00:11:15.903 (+265.6) аим: память кадр=15865 объект=1 отклик=0 записей=19 отказов=0 расхождение=0.0
09-19 00:11:16.154 (+265.9) аим: память кадр=15880 объект=1 отклик=0 записей=34 отказов=0 расхождение=0.0
09-19 00:11:16.410 (+266.1) аим: память кадр=15895 объект=1 отклик=0 записей=49 отказов=0 расхождение=0.0
09-19 00:11:16.655 (+266.4) аим: память кадр=15910 объект=1 отклик=0 записей=64 отказов=0 расхождение=0.0
09-19 00:11:16.905 (+266.6) аим: память кадр=15925 объект=0 отклик=0 записей=0 отказов=0 расхождение=0.0
09-19 00:11:17.156 (+266.9) аим: память кадр=15940 объект=0 отклик=0 записей=0 отказов=0 расхождение=0.0
09-19 00:11:17.406 (+267.1) аим: память кадр=15955 объект=0 отклик=0 записей=0 отказов=0 расхождение=0.0
09-19 00:11:17.656 (+267.4) аим: память кадр=15970 объект=0 отклик=0 записей=0 отказов=0 расхождение=0.0
09-19 00:11:17.907 (+267.6) аим: память кадр=15985 объект=0 отклик=0 записей=0 отказов=0 расхождение=0.0
09-19 00:11:18.157 (+267.9) аим: память кадр=16000 объект=1 отклик=0 записей=12 отказов=0 расхождение=0.0
09-19 00:11:18.407 (+268.1) аим: память кадр=16015 объект=1 отклик=0 записей=25 отказов=0 расхождение=0.0
09-19 00:11:18.658 (+268.4) аим: память кадр=16030 объект=1 отклик=0 записей=40 отказов=0 расхождение=0.0
09-19 00:11:18.908 (+268.6) аим: память кадр=16045 объект=0 отклик=0 записей=0 отказов=0 расхождение=0.0
09-19 00:11:19.159 (+268.9) аим: память кадр=16060 объект=0 отклик=0 записей=0 отказов=0 расхождение=0.0
09-19 00:11:19.409 (+269.1) аим: память кадр=16075 объект=0 отклик=0 записей=0 отказов=0 расхождение=0.0
09-19 00:11:19.660 (+269.4) аим: память кадр=16090 объект=0 отклик=0 записей=0 отказов=0 расхождение=0.0
09-19 00:11:19.927 (+269.6) аим: память кадр=16106 объект=0 отклик=0 записей=0 отказов=0 расхождение=0.0
09-19 00:11:20.178 (+269.9) аим: память кадр=16121 объект=0 отклик=0 записей=0 отказов=0 расхождение=0.0
09-19 00:11:20.428 (+270.1) аим: память кадр=16136 объект=0 отклик=0 записей=0 отказов=0 расхождение=0.0
09-19 00:11:20.679 (+270.4) аим: память кадр=16151 объект=0 отклик=0 записей=0 отказов=0 расхождение=0.0
09-19 00:11:20.930 (+270.6) аим: память кадр=16166 объект=0 отклик=0 записей=0 отказов=0 расхождение=0.0
09-19 00:11:21.181 (+270.9) аим: память кадр=16181 объект=0 отклик=0 записей=0 отказов=0 расхождение=0.0
09-19 00:11:21.431 (+271.1) аим: память кадр=16196 объект=0 отклик=0 записей=0 отказов=0 расхождение=0.0
09-19 00:11:21.681 (+271.4) аим: память кадр=16211 объект=0 отклик=0 записей=0 отказов=0 расхождение=0.0
09-19 00:11:21.931 (+271.6) аим: память кадр=16226 объект=0 отклик=0 записей=0 отказов=0 расхождение=0.0
09-19 00:11:22.182 (+271.9) аим: память кадр=16241 объект=0 отклик=0 записей=0 отказов=0 расхождение=0.0
09-19 00:11:22.433 (+272.1) аим: память кадр=16256 объект=0 отклик=0 записей=0 отказов=0 расхождение=0.0
09-19 00:11:22.683 (+272.4) аим: память кадр=16271 объект=0 отклик=0 записей=0 отказов=0 расхождение=0.0
09-19 00:11:22.933 (+272.6) аим: память кадр=16286 объект=1 отклик=0 записей=0 отказов=0 расхождение=0.0
09-19 00:11:23.184 (+272.9) аим: память кадр=16301 объект=1 отклик=0 записей=0 отказов=0 расхождение=0.0
09-19 00:11:23.434 (+273.1) аим: память кадр=16316 объект=1 отклик=0 записей=0 отказов=0 расхождение=0.0
09-19 00:11:23.685 (+273.4) аим: память кадр=16331 объект=1 отклик=0 записей=0 отказов=0 расхождение=0.0
09-19 00:11:23.934 (+273.6) аим: память кадр=16346 объект=0 отклик=0 записей=0 отказов=0 расхождение=0.0
09-19 00:11:24.185 (+273.9) аим: память кадр=16361 объект=0 отклик=0 записей=0 отказов=0 расхождение=0.0
09-19 00:11:24.435 (+274.1) аим: память кадр=16376 объект=0 отклик=0 записей=0 отказов=0 расхождение=0.0
09-19 00:11:24.685 (+274.4) аим: память кадр=16391 объект=0 отклик=0 записей=0 отказов=0 расхождение=0.0
09-19 00:11:24.936 (+274.6) аим: память кадр=16406 объект=0 отклик=0 записей=0 отказов=0 расхождение=0.0
09-19 00:11:25.186 (+274.9) аим: память кадр=16421 объект=0 отклик=0 записей=0 отказов=0 расхождение=0.0
09-19 00:11:25.437 (+275.1) аим: память кадр=16436 объект=0 отклик=0 записей=0 отказов=0 расхождение=0.0
09-19 00:11:25.687 (+275.4) аим: память кадр=16451 объект=0 отклик=0 записей=0 отказов=0 расхождение=0.0
09-19 00:11:25.959 (+275.7) аим: память кадр=16466 объект=0 отклик=0 записей=0 отказов=0 расхождение=0.0
09-19 00:11:26.196 (+275.9) аим: память кадр=16481 объект=0 отклик=0 записей=0 отказов=0 расхождение=0.0
09-19 00:11:26.447 (+276.1) аим: память кадр=16496 объект=0 отклик=0 записей=0 отказов=0 расхождение=0.0
09-19 00:11:26.697 (+276.4) аим: память кадр=16511 объект=0 отклик=0 записей=0 отказов=0 расхождение=0.0
09-19 00:11:26.948 (+276.6) аим: память кадр=16526 объект=0 отклик=0 записей=0 отказов=0 расхождение=0.0
09-19 00:11:27.198 (+276.9) аим: память кадр=16541 объект=0 отклик=0 записей=0 отказов=0 расхождение=0.0
09-19 00:11:27.449 (+277.1) аим: память кадр=16556 объект=0 отклик=0 записей=0 отказов=0 расхождение=0.0
09-19 00:11:27.699 (+277.4) аим: память кадр=16571 объект=0 отклик=0 записей=0 отказов=0 расхождение=0.0
09-19 00:11:27.799 (+277.5) память: MouseLook=0x705cf17640 углы=(2.85, -58.90) чувствительность=0.100 инверсия=0 гироскоп=1
09-19 00:11:27.950 (+277.7) аим: память кадр=16586 объект=1 отклик=0 записей=8 отказов=0 расхождение=0.0
09-19 00:11:28.202 (+277.9) аим: память кадр=16601 объект=0 отклик=0 записей=0 отказов=0 расхождение=0.0
09-19 00:11:28.451 (+278.2) аим: память кадр=16616 объект=0 отклик=0 записей=0 отказов=0 расхождение=0.0
09-19 00:11:28.701 (+278.4) аим: память кадр=16631 объект=0 отклик=0 записей=0 отказов=0 расхождение=0.0
09-19 00:11:28.951 (+278.7) аим: память кадр=16646 объект=0 отклик=0 записей=0 отказов=0 расхождение=0.0
09-19 00:11:29.202 (+278.9) аим: память кадр=16661 объект=0 отклик=0 записей=0 отказов=0 расхождение=0.0
09-19 00:11:29.452 (+279.2) аим: память кадр=16676 объект=0 отклик=0 записей=0 отказов=0 расхождение=0.0
09-19 00:11:29.702 (+279.4) аим: память кадр=16691 объект=0 отклик=0 записей=0 отказов=0 расхождение=0.0
09-19 00:11:29.953 (+279.7) аим: память кадр=16706 объект=0 отклик=0 записей=0 отказов=0 расхождение=0.0
09-19 00:11:30.203 (+279.9) аим: память кадр=16721 объект=0 отклик=0 записей=0 отказов=0 расхождение=0.0
09-19 00:11:30.453 (+280.2) аим: память кадр=16736 объект=1 отклик=0 записей=11 отказов=0 расхождение=0.0
09-19 00:11:30.704 (+280.4) аим: память кадр=16751 объект=1 отклик=0 записей=22 отказов=0 расхождение=0.0
09-19 00:11:30.954 (+280.7) аим: память кадр=16766 объект=1 отклик=0 записей=36 отказов=0 расхождение=0.0
09-19 00:11:31.205 (+280.9) аим: память кадр=16781 объект=1 отклик=0 записей=47 отказов=0 расхождение=0.0
09-19 00:11:31.456 (+281.2) аим: память кадр=16796 объект=0 отклик=0 записей=0 отказов=0 расхождение=0.0
09-19 00:11:31.706 (+281.4) аим: память кадр=16811 объект=0 отклик=0 записей=0 отказов=0 расхождение=0.0
09-19 00:11:31.956 (+281.7) аим: память кадр=16826 объект=0 отклик=0 записей=0 отказов=0 расхождение=0.0
09-19 00:11:32.207 (+281.9) аим: память кадр=16841 объект=0 отклик=0 записей=0 отказов=0 расхождение=0.0
09-19 00:11:32.457 (+282.2) аим: память кадр=16856 объект=0 отклик=0 записей=0 отказов=0 расхождение=0.0
09-19 00:11:32.709 (+282.4) аим: память кадр=16871 объект=0 отклик=0 записей=0 отказов=0 расхождение=0.0
09-19 00:11:32.959 (+282.7) аим: память кадр=16886 объект=0 отклик=0 записей=0 отказов=0 расхождение=0.0
09-19 00:11:33.210 (+282.9) аим: память кадр=16901 объект=0 отклик=0 записей=0 отказов=0 расхождение=0.0
09-19 00:11:33.460 (+283.2) аим: память кадр=16916 объект=0 отклик=0 записей=0 отказов=0 расхождение=0.0
09-19 00:11:33.710 (+283.4) аим: память кадр=16931 объект=1 отклик=0 записей=8 отказов=0 расхождение=0.0
09-19 00:11:33.961 (+283.7) аим: память кадр=16946 объект=1 отклик=0 записей=23 отказов=0 расхождение=0.0
09-19 00:11:34.211 (+283.9) аим: память кадр=16961 объект=1 отклик=0 записей=38 отказов=0 расхождение=0.0
09-19 00:11:34.462 (+284.2) аим: память кадр=16976 объект=0 отклик=0 записей=0 отказов=0 расхождение=0.0
09-19 00:11:34.712 (+284.4) аим: память кадр=16991 объект=0 отклик=0 записей=0 отказов=0 расхождение=0.0
09-19 00:11:34.963 (+284.7) аим: память кадр=17006 объект=0 отклик=0 записей=0 отказов=0 расхождение=0.0
09-19 00:11:35.213 (+284.9) аим: память кадр=17021 объект=0 отклик=0 записей=0 отказов=0 расхождение=0.0
09-19 00:11:35.463 (+285.2) аим: память кадр=17036 объект=0 отклик=0 записей=0 отказов=0 расхождение=0.0
09-19 00:11:35.714 (+285.4) аим: память кадр=17051 объект=0 отклик=0 записей=0 отказов=0 расхождение=0.0
09-19 00:11:35.964 (+285.7) аим: память кадр=17066 объект=0 отклик=0 записей=0 отказов=0 расхождение=0.0
09-19 00:11:36.215 (+285.9) аим: память кадр=17081 объект=0 отклик=0 записей=0 отказов=0 расхождение=0.0
09-19 00:11:36.465 (+286.2) аим: память кадр=17096 объект=0 отклик=0 записей=0 отказов=0 расхождение=0.0
09-19 00:11:36.716 (+286.4) аим: память кадр=17111 объект=0 отклик=0 записей=0 отказов=0 расхождение=0.0
09-19 00:11:36.966 (+286.7) аим: память кадр=17126 объект=0 отклик=0 записей=0 отказов=0 расхождение=0.0
09-19 00:11:37.216 (+286.9) аим: память кадр=17141 объект=0 отклик=0 записей=0 отказов=0 расхождение=0.0
09-19 00:11:37.473 (+287.2) аим: память кадр=17156 объект=0 отклик=0 записей=0 отказов=0 расхождение=0.0
09-19 00:11:37.717 (+287.4) аим: память кадр=17171 объект=0 отклик=0 записей=0 отказов=0 расхождение=0.0
09-19 00:11:37.967 (+287.7) аим: память кадр=17186 объект=0 отклик=0 записей=0 отказов=0 расхождение=0.0
09-19 00:11:38.218 (+287.9) аим: память кадр=17201 объект=0 отклик=0 записей=0 отказов=0 расхождение=0.0
09-19 00:11:38.468 (+288.2) аим: память кадр=17216 объект=0 отклик=0 записей=0 отказов=0 расхождение=0.0
09-19 00:11:38.719 (+288.4) аим: память кадр=17231 объект=0 отклик=0 записей=0 отказов=0 расхождение=0.0
09-19 00:11:38.970 (+288.7) аим: память кадр=17246 объект=0 отклик=0 записей=0 отказов=0 расхождение=0.0
09-19 00:11:39.220 (+288.9) аим: память кадр=17261 объект=0 отклик=0 записей=0 отказов=0 расхождение=0.0
09-19 00:11:39.470 (+289.2) аим: память кадр=17276 объект=0 отклик=0 записей=0 отказов=0 расхождение=0.0
09-19 00:11:39.721 (+289.4) аим: память кадр=17291 объект=0 отклик=0 записей=0 отказов=0 расхождение=0.0
09-19 00:11:39.973 (+289.7) аим: память кадр=17306 объект=1 отклик=0 записей=10 отказов=0 расхождение=0.0
09-19 00:11:40.224 (+289.9) аим: память кадр=17321 объект=1 отклик=0 записей=25 отказов=0 расхождение=0.0
09-19 00:11:40.473 (+290.2) аим: память кадр=17336 объект=1 отклик=0 записей=37 отказов=0 расхождение=0.0
09-19 00:11:40.724 (+290.4) аим: память кадр=17351 объект=0 отклик=0 записей=0 отказов=0 расхождение=0.0
09-19 00:11:40.974 (+290.7) аим: память кадр=17366 объект=0 отклик=0 записей=0 отказов=0 расхождение=0.0
09-19 00:11:41.225 (+290.9) аим: память кадр=17381 объект=0 отклик=0 записей=0 отказов=0 расхождение=0.0
09-19 00:11:41.475 (+291.2) аим: память кадр=17396 объект=0 отклик=0 записей=0 отказов=0 расхождение=0.0
09-19 00:11:41.725 (+291.4) аим: память кадр=17411 объект=0 отклик=0 записей=0 отказов=0 расхождение=0.0
09-19 00:11:41.976 (+291.7) аим: память кадр=17426 объект=0 отклик=0 записей=0 отказов=0 расхождение=0.0
09-19 00:11:42.226 (+291.9) аим: память кадр=17441 объект=0 отклик=0 записей=0 отказов=0 расхождение=0.0
09-19 00:11:42.477 (+292.2) аим: память кадр=17456 объект=0 отклик=0 записей=0 отказов=0 расхождение=0.0
09-19 00:11:42.727 (+292.4) аим: память кадр=17471 объект=0 отклик=0 записей=0 отказов=0 расхождение=0.0
09-19 00:11:42.978 (+292.7) аим: память кадр=17486 объект=0 отклик=0 записей=0 отказов=0 расхождение=0.0
09-19 00:11:43.228 (+292.9) аим: память кадр=17501 объект=0 отклик=0 записей=0 отказов=0 расхождение=0.0
09-19 00:11:43.479 (+293.2) аим: память кадр=17516 объект=0 отклик=0 записей=0 отказов=0 расхождение=0.0
09-19 00:11:43.730 (+293.4) аим: память кадр=17531 объект=0 отклик=0 записей=0 отказов=0 расхождение=0.0
09-19 00:11:43.981 (+293.7) аим: память кадр=17546 объект=0 отклик=0 записей=0 отказов=0 расхождение=0.0
09-19 00:11:44.231 (+293.9) аим: память кадр=17561 объект=0 отклик=0 записей=0 отказов=0 расхождение=0.0
09-19 00:11:44.482 (+294.2) аим: память кадр=17576 объект=0 отклик=0 записей=0 отказов=0 расхождение=0.0
09-19 00:11:44.732 (+294.4) аим: память кадр=17591 объект=0 отклик=0 записей=0 отказов=0 расхождение=0.0
09-19 00:11:44.983 (+294.7) аим: память кадр=17606 объект=0 отклик=0 записей=0 отказов=0 расхождение=0.0
09-19 00:11:45.233 (+294.9) аим: память кадр=17621 объект=0 отклик=0 записей=0 отказов=0 расхождение=0.0
09-19 00:11:45.484 (+295.2) аим: память кадр=17636 объект=0 отклик=0 записей=0 отказов=0 расхождение=0.0
09-19 00:11:45.734 (+295.4) аим: память кадр=17651 объект=0 отклик=0 записей=0 отказов=0 расхождение=0.0
09-19 00:11:45.985 (+295.7) аим: память кадр=17666 объект=0 отклик=0 записей=0 отказов=0 расхождение=0.0
09-19 00:11:46.235 (+295.9) аим: память кадр=17681 объект=0 отклик=0 записей=0 отказов=0 расхождение=0.0
09-19 00:11:46.485 (+296.2) аим: память кадр=17696 объект=0 отклик=0 записей=0 отказов=0 расхождение=0.0
09-19 00:11:46.736 (+296.4) аим: память кадр=17711 объект=0 отклик=0 записей=0 отказов=0 расхождение=0.0
09-19 00:11:46.987 (+296.7) аим: память кадр=17726 объект=0 отклик=0 записей=0 отказов=0 расхождение=0.0
09-19 00:11:47.236 (+296.9) аим: память кадр=17741 объект=0 отклик=0 записей=0 отказов=0 расхождение=0.0
09-19 00:11:47.487 (+297.2) аим: память кадр=17756 объект=0 отклик=0 записей=0 отказов=0 расхождение=0.0
09-19 00:11:47.737 (+297.4) аим: память кадр=17771 объект=0 отклик=0 записей=0 отказов=0 расхождение=0.0
09-19 00:11:47.987 (+297.7) аим: память кадр=17786 объект=0 отклик=0 записей=0 отказов=0 расхождение=0.0
09-19 00:11:48.238 (+297.9) аим: память кадр=17801 объект=0 отклик=0 записей=0 отказов=0 расхождение=0.0
09-19 00:11:48.489 (+298.2) аим: память кадр=17816 объект=0 отклик=0 записей=0 отказов=0 расхождение=0.0
09-19 00:11:48.739 (+298.4) аим: память кадр=17831 объект=0 отклик=0 записей=0 отказов=0 расхождение=0.0
09-19 00:11:48.990 (+298.7) аим: память кадр=17846 объект=0 отклик=0 записей=0 отказов=0 расхождение=0.0
09-19 00:11:49.240 (+298.9) аим: память кадр=17861 объект=0 отклик=0 записей=0 отказов=0 расхождение=0.0
09-19 00:11:49.491 (+299.2) аим: память кадр=17876 объект=0 отклик=0 записей=0 отказов=0 расхождение=0.0
09-19 00:11:49.743 (+299.4) аим: память кадр=17891 объект=0 отклик=0 записей=0 отказов=0 расхождение=0.0
09-19 00:11:49.992 (+299.7) аим: память кадр=17906 объект=1 отклик=0 записей=3 отказов=0 расхождение=0.0
09-19 00:11:50.242 (+299.9) аим: память кадр=17921 объект=1 отклик=0 записей=18 отказов=0 расхождение=0.0
09-19 00:11:50.493 (+300.2) аим: память кадр=17936 объект=1 отклик=0 записей=33 отказов=0 расхождение=0.0
09-19 00:11:50.743 (+300.4) аим: память кадр=17951 объект=1 отклик=0 записей=48 отказов=0 расхождение=0.0
09-19 00:11:50.994 (+300.7) аим: память кадр=17966 объект=0 отклик=0 записей=0 отказов=0 расхождение=0.0
09-19 00:11:51.244 (+300.9) аим: память кадр=17981 объект=0 отклик=0 записей=0 отказов=0 расхождение=0.0
09-19 00:11:51.495 (+301.2) аим: память кадр=17996 объект=0 отклик=0 записей=0 отказов=0 расхождение=0.0
09-19 00:11:51.745 (+301.4) аим: память кадр=18011 объект=0 отклик=0 записей=0 отказов=0 расхождение=0.0
09-19 00:11:51.995 (+301.7) аим: память кадр=18026 объект=0 отклик=0 записей=0 отказов=0 расхождение=0.0
09-19 00:11:52.246 (+301.9) аим: память кадр=18041 объект=0 отклик=0 записей=0 отказов=0 расхождение=0.0
09-19 00:11:52.496 (+302.2) аим: память кадр=18056 объект=0 отклик=0 записей=0 отказов=0 расхождение=0.0
09-19 00:11:52.747 (+302.4) аим: память кадр=18071 объект=0 отклик=0 записей=0 отказов=0 расхождение=0.0
09-19 00:11:52.998 (+302.7) аим: память кадр=18086 объект=0 отклик=0 записей=0 отказов=0 расхождение=0.0
09-19 00:11:53.264 (+303.0) аим: память кадр=18102 объект=0 отклик=0 записей=0 отказов=0 расхождение=0.0
09-19 00:11:53.515 (+303.2) аим: память кадр=18117 объект=0 отклик=0 записей=0 отказов=0 расхождение=0.0
09-19 00:11:53.765 (+303.5) аим: память кадр=18132 объект=0 отклик=0 записей=0 отказов=0 расхождение=0.0
09-19 00:11:54.016 (+303.7) аим: память кадр=18147 объект=0 отклик=0 записей=0 отказов=0 расхождение=0.0
09-19 00:11:54.266 (+304.0) аим: память кадр=18162 объект=0 отклик=0 записей=0 отказов=0 расхождение=0.0
09-19 00:11:54.516 (+304.2) аим: память кадр=18177 объект=0 отклик=0 записей=0 отказов=0 расхождение=0.0
09-19 00:11:54.767 (+304.5) аим: память кадр=18192 объект=0 отклик=0 записей=0 отказов=0 расхождение=0.0
09-19 00:11:55.017 (+304.7) аим: память кадр=18207 объект=0 отклик=0 записей=0 отказов=0 расхождение=0.0
09-19 00:11:55.268 (+305.0) аим: память кадр=18222 объект=0 отклик=0 записей=0 отказов=0 расхождение=0.0
09-19 00:11:55.518 (+305.2) аим: память кадр=18237 объект=1 отклик=0 записей=6 отказов=0 расхождение=0.0
09-19 00:11:55.769 (+305.5) аим: память кадр=18252 объект=0 отклик=0 записей=0 отказов=0 расхождение=0.0
09-19 00:11:56.019 (+305.7) аим: память кадр=18267 объект=0 отклик=0 записей=0 отказов=0 расхождение=0.0
09-19 00:11:56.270 (+306.0) аим: память кадр=18282 объект=0 отклик=0 записей=0 отказов=0 расхождение=0.0
09-19 00:11:56.520 (+306.2) аим: память кадр=18297 объект=0 отклик=0 записей=0 отказов=0 расхождение=0.0
09-19 00:11:56.770 (+306.5) аим: память кадр=18312 объект=0 отклик=0 записей=0 отказов=0 расхождение=0.0
09-19 00:11:57.021 (+306.7) аим: память кадр=18327 объект=0 отклик=0 записей=0 отказов=0 расхождение=0.0
09-19 00:11:57.271 (+307.0) аим: память кадр=18342 объект=0 отклик=0 записей=0 отказов=0 расхождение=0.0
09-19 00:11:57.522 (+307.2) аим: память кадр=18357 объект=0 отклик=0 записей=0 отказов=0 расхождение=0.0
09-19 00:11:57.773 (+307.5) аим: память кадр=18372 объект=0 отклик=0 записей=0 отказов=0 расхождение=0.0
09-19 00:11:58.023 (+307.7) аим: память кадр=18387 объект=0 отклик=0 записей=0 отказов=0 расхождение=0.0
09-19 00:11:58.273 (+308.0) аим: память кадр=18402 объект=1 отклик=0 записей=10 отказов=0 расхождение=0.0
09-19 00:11:58.524 (+308.2) аим: память кадр=18417 объект=1 отклик=0 записей=25 отказов=0 расхождение=0.0
09-19 00:11:58.777 (+308.5) аим: память кадр=18432 объект=1 отклик=0 записей=40 отказов=0 расхождение=0.0
09-19 00:11:59.024 (+308.7) аим: память кадр=18447 объект=1 отклик=0 записей=54 отказов=0 расхождение=0.0
09-19 00:11:59.275 (+309.0) аим: память кадр=18462 объект=0 отклик=0 записей=0 отказов=0 расхождение=0.0
09-19 00:11:59.525 (+309.2) аим: память кадр=18477 объект=0 отклик=0 записей=0 отказов=0 расхождение=0.0
09-19 00:11:59.776 (+309.5) аим: память кадр=18492 объект=1 отклик=0 записей=8 отказов=0 расхождение=0.0
09-19 00:12:00.026 (+309.7) аим: память кадр=18507 объект=1 отклик=0 записей=23 отказов=0 расхождение=0.0
09-19 00:12:00.277 (+310.0) аим: память кадр=18522 объект=1 отклик=0 записей=38 отказов=0 расхождение=0.0
09-19 00:12:00.527 (+310.2) аим: память кадр=18537 объект=0 отклик=0 записей=0 отказов=0 расхождение=0.0
09-19 00:12:00.777 (+310.5) аим: память кадр=18552 объект=0 отклик=0 записей=0 отказов=0 расхождение=0.0
09-19 00:12:01.028 (+310.7) аим: память кадр=18567 объект=0 отклик=0 записей=0 отказов=0 расхождение=0.0
09-19 00:12:01.279 (+311.0) аим: память кадр=18582 объект=0 отклик=0 записей=0 отказов=0 расхождение=0.0
09-19 00:12:01.529 (+311.2) аим: память кадр=18597 объект=0 отклик=0 записей=0 отказов=0 расхождение=0.0
09-19 00:12:01.791 (+311.5) аим: память кадр=18612 объект=0 отклик=0 записей=0 отказов=0 расхождение=0.0
09-19 00:12:02.036 (+311.7) аим: память кадр=18627 объект=0 отклик=0 записей=0 отказов=0 расхождение=0.0
09-19 00:12:02.286 (+312.0) аим: память кадр=18642 объект=0 отклик=0 записей=0 отказов=0 расхождение=0.0
09-19 00:12:02.654 (+312.4) аим: память кадр=18655 объект=0 отклик=0 записей=0 отказов=0 расхождение=0.0
09-19 00:12:02.904 (+312.6) аим: память кадр=18670 объект=0 отклик=0 записей=0 отказов=0 расхождение=0.0
09-19 00:12:03.154 (+312.9) аим: память кадр=18685 объект=0 отклик=0 записей=0 отказов=0 расхождение=0.0
--- лог открыт: /storage/emulated/0/Download/benzware_aim.log (было 75731 байт)
09-19 00:33:31.991 (+72.3) аим: выбран режим 1 (Память), аим включён
09-19 00:33:32.022 (+72.3) аим: память кадр=4305 объект=0 отклик=0 записей=0 отказов=0 расхождение=0.0
09-19 00:33:32.275 (+72.6) аим: память кадр=4320 объект=0 отклик=0 записей=0 отказов=0 расхождение=0.0
09-19 00:33:32.530 (+72.8) аим: память кадр=4335 объект=0 отклик=0 записей=0 отказов=0 расхождение=0.0
09-19 00:33:32.780 (+73.1) аим: память кадр=4350 объект=0 отклик=0 записей=0 отказов=0 расхождение=0.0
09-19 00:33:33.033 (+73.3) аим: память кадр=4365 объект=0 отклик=0 записей=0 отказов=0 расхождение=0.0
09-19 00:33:33.285 (+73.6) аим: память кадр=4380 объект=0 отклик=0 записей=0 отказов=0 расхождение=0.0
09-19 00:33:33.536 (+73.8) аим: память кадр=4395 объект=0 отклик=0 записей=0 отказов=0 расхождение=0.0
09-19 00:33:33.788 (+74.1) аим: память кадр=4410 объект=0 отклик=0 записей=0 отказов=0 расхождение=0.0
09-19 00:33:34.040 (+74.3) аим: память кадр=4425 объект=0 отклик=0 записей=0 отказов=0 расхождение=0.0
09-19 00:33:34.291 (+74.6) аим: память кадр=4440 объект=0 отклик=0 записей=0 отказов=0 расхождение=0.0
09-19 00:33:34.543 (+74.9) аим: память кадр=4455 объект=0 отклик=0 записей=0 отказов=0 расхождение=0.0
09-19 00:33:34.794 (+75.1) аим: память кадр=4470 объект=0 отклик=0 записей=0 отказов=0 расхождение=0.0
09-19 00:33:35.046 (+75.4) аим: память кадр=4485 объект=0 отклик=0 записей=0 отказов=0 расхождение=0.0
09-19 00:33:35.299 (+75.6) аим: память кадр=4500 объект=0 отклик=0 записей=0 отказов=0 расхождение=0.0
09-19 00:33:35.550 (+75.9) аим: память кадр=4515 объект=0 отклик=0 записей=0 отказов=0 расхождение=0.0
09-19 00:33:35.806 (+76.1) аим: память кадр=4530 объект=0 отклик=0 записей=0 отказов=0 расхождение=0.0
09-19 00:33:36.053 (+76.4) аим: память кадр=4545 объект=0 отклик=0 записей=0 отказов=0 расхождение=0.0
09-19 00:33:36.187 (+76.5) память: MouseLook=0x6f806268c0 углы=(1.16, -40.92) чувствительность=0.100 инверсия=0 гироскоп=1
09-19 00:33:36.304 (+76.6) аим: память кадр=4560 объект=1 отклик=0 записей=7 отказов=0 расхождение=0.0
09-19 00:33:36.557 (+76.9) аим: память кадр=4575 объект=1 отклик=0 записей=21 отказов=0 расхождение=0.0
09-19 00:33:36.808 (+77.1) аим: память кадр=4590 объект=1 отклик=0 записей=34 отказов=0 расхождение=0.0
09-19 00:33:37.060 (+77.4) аим: память кадр=4605 объект=0 отклик=0 записей=0 отказов=0 расхождение=0.0
09-19 00:33:37.312 (+77.6) аим: память кадр=4620 объект=0 отклик=0 записей=0 отказов=0 расхождение=0.0
09-19 00:33:37.563 (+77.9) аим: память кадр=4635 объект=0 отклик=0 записей=0 отказов=0 расхождение=0.0
09-19 00:33:37.816 (+78.1) аим: память кадр=4650 объект=0 отклик=0 записей=0 отказов=0 расхождение=0.0
09-19 00:33:38.069 (+78.4) аим: память кадр=4665 объект=0 отклик=0 записей=0 отказов=0 расхождение=0.0
09-19 00:33:38.320 (+78.6) аим: память кадр=4680 объект=0 отклик=0 записей=0 отказов=0 расхождение=0.0
09-19 00:33:38.572 (+78.9) аим: память кадр=4695 объект=0 отклик=0 записей=0 отказов=0 расхождение=0.0
09-19 00:33:38.829 (+79.1) аим: память кадр=4710 объект=0 отклик=0 записей=0 отказов=0 расхождение=0.0
09-19 00:33:39.074 (+79.4) аим: память кадр=4725 объект=0 отклик=0 записей=0 отказов=0 расхождение=0.0
09-19 00:33:39.327 (+79.6) аим: память кадр=4740 объект=0 отклик=0 записей=0 отказов=0 расхождение=0.0
09-19 00:33:39.578 (+79.9) аим: память кадр=4755 объект=0 отклик=0 записей=0 отказов=0 расхождение=0.0
09-19 00:33:39.829 (+80.1) аим: память кадр=4770 объект=0 отклик=0 записей=0 отказов=0 расхождение=0.0
09-19 00:33:40.081 (+80.4) аим: память кадр=4785 объект=0 отклик=0 записей=0 отказов=0 расхождение=0.0
09-19 00:33:40.332 (+80.6) аим: память кадр=4800 объект=0 отклик=0 записей=0 отказов=0 расхождение=0.0
09-19 00:33:40.584 (+80.9) аим: память кадр=4815 объект=0 отклик=0 записей=0 отказов=0 расхождение=0.0
09-19 00:33:40.836 (+81.1) аим: память кадр=4830 объект=0 отклик=0 записей=0 отказов=0 расхождение=0.0
09-19 00:33:41.087 (+81.4) аим: память кадр=4845 объект=0 отклик=0 записей=0 отказов=0 расхождение=0.0
09-19 00:33:41.341 (+81.6) аим: память кадр=4860 объект=0 отклик=0 записей=0 отказов=0 расхождение=0.0
09-19 00:33:41.592 (+81.9) аим: память кадр=4875 объект=1 отклик=0 записей=13 отказов=0 расхождение=0.0
09-19 00:33:41.845 (+82.2) аим: память кадр=4890 объект=1 отклик=0 записей=28 отказов=0 расхождение=0.0
09-19 00:33:42.097 (+82.4) аим: память кадр=4905 объект=1 отклик=0 записей=43 отказов=0 расхождение=0.0
09-19 00:33:42.349 (+82.7) аим: память кадр=4920 объект=1 отклик=0 записей=58 отказов=0 расхождение=0.0
09-19 00:33:42.601 (+82.9) аим: память кадр=4935 объект=1 отклик=0 записей=73 отказов=0 расхождение=0.0
09-19 00:33:42.852 (+83.2) аим: память кадр=4950 объект=0 отклик=0 записей=0 отказов=0 расхождение=0.0
09-19 00:33:43.106 (+83.4) аим: память кадр=4965 объект=0 отклик=0 записей=0 отказов=0 расхождение=0.0
09-19 00:33:43.358 (+83.7) аим: память кадр=4980 объект=0 отклик=0 записей=0 отказов=0 расхождение=0.0
09-19 00:33:43.610 (+83.9) аим: память кадр=4995 объект=0 отклик=0 записей=0 отказов=0 расхождение=0.0
09-19 00:33:43.861 (+84.2) аим: память кадр=5010 объект=0 отклик=0 записей=0 отказов=0 расхождение=0.0
09-19 00:33:44.113 (+84.4) аим: память кадр=5025 объект=0 отклик=0 записей=0 отказов=0 расхождение=0.0
09-19 00:33:44.365 (+84.7) аим: память кадр=5040 объект=0 отклик=0 записей=0 отказов=0 расхождение=0.0
09-19 00:33:44.617 (+84.9) аим: память кадр=5055 объект=1 отклик=0 записей=13 отказов=0 расхождение=0.0
09-19 00:33:44.868 (+85.2) аим: память кадр=5070 объект=1 отклик=0 записей=28 отказов=0 расхождение=0.0
09-19 00:33:45.120 (+85.4) аим: память кадр=5085 объект=1 отклик=0 записей=39 отказов=0 расхождение=0.0
09-19 00:33:45.372 (+85.7) аим: память кадр=5100 объект=0 отклик=0 записей=0 отказов=0 расхождение=0.0
09-19 00:33:45.623 (+85.9) аим: память кадр=5115 объект=0 отклик=0 записей=0 отказов=0 расхождение=0.0
09-19 00:33:45.874 (+86.2) аим: память кадр=5130 объект=0 отклик=0 записей=0 отказов=0 расхождение=0.0
09-19 00:33:46.126 (+86.4) аим: память кадр=5145 объект=0 отклик=0 записей=0 отказов=0 расхождение=0.0
09-19 00:33:46.378 (+86.7) аим: память кадр=5160 объект=0 отклик=0 записей=0 отказов=0 расхождение=0.0
09-19 00:33:46.629 (+86.9) аим: память кадр=5175 объект=0 отклик=0 записей=0 отказов=0 расхождение=0.0
09-19 00:33:46.881 (+87.2) аим: память кадр=5190 объект=0 отклик=0 записей=0 отказов=0 расхождение=0.0
09-19 00:33:47.134 (+87.4) аим: память кадр=5205 объект=0 отклик=0 записей=0 отказов=0 расхождение=0.0
09-19 00:33:47.385 (+87.7) аим: память кадр=5220 объект=0 отклик=0 записей=0 отказов=0 расхождение=0.0
09-19 00:33:47.645 (+88.0) аим: память кадр=5235 объект=0 отклик=0 записей=0 отказов=0 расхождение=0.0
09-19 00:33:47.897 (+88.2) аим: память кадр=5250 объект=0 отклик=0 записей=0 отказов=0 расхождение=0.0
09-19 00:33:48.151 (+88.5) аим: память кадр=5265 объект=0 отклик=0 записей=0 отказов=0 расхождение=0.0
09-19 00:33:48.401 (+88.7) аим: память кадр=5280 объект=0 отклик=0 записей=0 отказов=0 расхождение=0.0
09-19 00:33:48.655 (+89.0) аим: память кадр=5295 объект=0 отклик=0 записей=0 отказов=0 расхождение=0.0
09-19 00:33:48.906 (+89.2) аим: память кадр=5310 объект=0 отклик=0 записей=0 отказов=0 расхождение=0.0
09-19 00:33:49.158 (+89.5) аим: память кадр=5325 объект=0 отклик=0 записей=0 отказов=0 расхождение=0.0
09-19 00:33:49.292 (+89.6) память: MouseLook=0x71d8f4a8c0 углы=(3.86, 79.47) чувствительность=0.100 инверсия=0 гироскоп=1
09-19 00:33:49.409 (+89.7) аим: память кадр=5340 объект=1 отклик=0 записей=7 отказов=0 расхождение=0.0
09-19 00:33:49.661 (+90.0) аим: память кадр=5355 объект=1 отклик=0 записей=22 отказов=0 расхождение=0.0
09-19 00:33:49.913 (+90.2) аим: память кадр=5370 объект=1 отклик=0 записей=36 отказов=0 расхождение=0.0
09-19 00:33:50.163 (+90.5) аим: память кадр=5385 объект=0 отклик=0 записей=0 отказов=0 расхождение=0.0
09-19 00:33:50.416 (+90.7) аим: память кадр=5400 объект=0 отклик=0 записей=0 отказов=0 расхождение=0.0
09-19 00:33:50.667 (+91.0) аим: память кадр=5415 объект=0 отклик=0 записей=0 отказов=0 расхождение=0.0
09-19 00:33:50.919 (+91.2) аим: память кадр=5430 объект=0 отклик=0 записей=0 отказов=0 расхождение=0.0
09-19 00:33:51.170 (+91.5) аим: память кадр=5445 объект=0 отклик=0 записей=0 отказов=0 расхождение=0.0
09-19 00:33:51.422 (+91.7) аим: память кадр=5460 объект=1 отклик=0 записей=13 отказов=0 расхождение=0.0
09-19 00:33:51.674 (+92.0) аим: память кадр=5475 объект=1 отклик=0 записей=20 отказов=0 расхождение=0.0
09-19 00:33:51.927 (+92.2) аим: память кадр=5490 объект=1 отклик=0 записей=33 отказов=0 расхождение=0.0
09-19 00:33:52.178 (+92.5) аим: память кадр=5505 объект=0 отклик=0 записей=0 отказов=0 расхождение=0.0
09-19 00:33:52.431 (+92.7) аим: память кадр=5520 объект=0 отклик=0 записей=0 отказов=0 расхождение=0.0
09-19 00:33:52.681 (+93.0) аим: память кадр=5535 объект=0 отклик=0 записей=0 отказов=0 расхождение=0.0
09-19 00:33:52.934 (+93.2) аим: память кадр=5550 объект=0 отклик=0 записей=0 отказов=0 расхождение=0.0
09-19 00:33:53.184 (+93.5) аим: память кадр=5565 объект=0 отклик=0 записей=0 отказов=0 расхождение=0.0
09-19 00:33:53.437 (+93.7) аим: память кадр=5580 объект=0 отклик=0 записей=0 отказов=0 расхождение=0.0
09-19 00:33:53.689 (+94.0) аим: память кадр=5595 объект=0 отклик=0 записей=0 отказов=0 расхождение=0.0
09-19 00:33:53.940 (+94.2) аим: память кадр=5610 объект=0 отклик=0 записей=0 отказов=0 расхождение=0.0
09-19 00:33:54.192 (+94.5) аим: память кадр=5625 объект=1 отклик=0 записей=3 отказов=0 расхождение=0.0
09-19 00:33:54.443 (+94.8) аим: память кадр=5640 объект=1 отклик=0 записей=16 отказов=0 расхождение=0.0
09-19 00:33:54.695 (+95.0) аим: память кадр=5655 объект=1 отклик=0 записей=31 отказов=0 расхождение=0.0
09-19 00:33:54.946 (+95.3) аим: память кадр=5670 объект=0 отклик=0 записей=0 отказов=0 расхождение=0.0
09-19 00:33:55.199 (+95.5) аим: память кадр=5685 объект=0 отклик=0 записей=0 отказов=0 расхождение=0.0
09-19 00:33:55.451 (+95.8) аим: память кадр=5700 объект=0 отклик=0 записей=0 отказов=0 расхождение=0.0
09-19 00:33:55.703 (+96.0) аим: память кадр=5715 объект=0 отклик=0 записей=0 отказов=0 расхождение=0.0
09-19 00:33:55.954 (+96.3) аим: память кадр=5730 объект=0 отклик=0 записей=0 отказов=0 расхождение=0.0
09-19 00:33:56.211 (+96.5) аим: память кадр=5745 объект=0 отклик=0 записей=0 отказов=0 расхождение=0.0
09-19 00:33:56.457 (+96.8) аим: память кадр=5760 объект=0 отклик=0 записей=0 отказов=0 расхождение=0.0
09-19 00:33:56.713 (+97.0) аим: память кадр=5775 объект=0 отклик=0 записей=0 отказов=0 расхождение=0.0
09-19 00:33:56.961 (+97.3) аим: память кадр=5790 объект=0 отклик=0 записей=0 отказов=0 расхождение=0.0
09-19 00:33:57.214 (+97.5) аим: память кадр=5805 объект=0 отклик=0 записей=0 отказов=0 расхождение=0.0
09-19 00:33:57.465 (+97.8) аим: память кадр=5820 объект=0 отклик=0 записей=0 отказов=0 расхождение=0.0
09-19 00:33:57.716 (+98.0) аим: память кадр=5835 объект=0 отклик=0 записей=0 отказов=0 расхождение=0.0
09-19 00:33:57.967 (+98.3) аим: память кадр=5850 объект=0 отклик=0 записей=0 отказов=0 расхождение=0.0
09-19 00:33:58.219 (+98.5) аим: память кадр=5865 объект=0 отклик=0 записей=0 отказов=0 расхождение=0.0
09-19 00:33:58.471 (+98.8) аим: память кадр=5880 объект=1 отклик=0 записей=6 отказов=0 расхождение=0.0
09-19 00:33:58.722 (+99.0) аим: память кадр=5895 объект=1 отклик=0 записей=21 отказов=0 расхождение=0.0
09-19 00:33:58.973 (+99.3) аим: память кадр=5910 объект=1 отклик=0 записей=36 отказов=0 расхождение=0.0
09-19 00:33:59.232 (+99.5) аим: память кадр=5925 объект=1 отклик=0 записей=51 отказов=0 расхождение=0.0
09-19 00:33:59.477 (+99.8) аим: память кадр=5940 объект=0 отклик=0 записей=0 отказов=0 расхождение=0.0
09-19 00:33:59.728 (+100.0) аим: память кадр=5955 объект=0 отклик=0 записей=0 отказов=0 расхождение=0.0
09-19 00:33:59.979 (+100.3) аим: память кадр=5970 объект=0 отклик=0 записей=0 отказов=0 расхождение=0.0
09-19 00:34:00.231 (+100.5) аим: память кадр=5985 объект=0 отклик=0 записей=0 отказов=0 расхождение=0.0
09-19 00:34:00.484 (+100.8) аим: память кадр=6000 объект=0 отклик=0 записей=0 отказов=0 расхождение=0.0
09-19 00:34:00.735 (+101.0) аим: память кадр=6015 объект=0 отклик=0 записей=0 отказов=0 расхождение=0.0
09-19 00:34:00.986 (+101.3) аим: память кадр=6030 объект=0 отклик=0 записей=0 отказов=0 расхождение=0.0
09-19 00:34:01.239 (+101.5) аим: память кадр=6045 объект=1 отклик=0 записей=6 отказов=0 расхождение=0.0
09-19 00:34:01.490 (+101.8) аим: память кадр=6060 объект=1 отклик=0 записей=21 отказов=0 расхождение=0.0
09-19 00:34:01.741 (+102.0) аим: память кадр=6075 объект=1 отклик=0 записей=36 отказов=0 расхождение=0.0
09-19 00:34:01.994 (+102.3) аим: память кадр=6090 объект=0 отклик=0 записей=0 отказов=0 расхождение=0.0
09-19 00:34:02.245 (+102.6) аим: память кадр=6105 объект=0 отклик=0 записей=0 отказов=0 расхождение=0.0
09-19 00:34:02.498 (+102.8) аим: память кадр=6120 объект=0 отклик=0 записей=0 отказов=0 расхождение=0.0
09-19 00:34:02.752 (+103.1) аим: память кадр=6135 объект=0 отклик=0 записей=0 отказов=0 расхождение=0.0
09-19 00:34:03.002 (+103.3) аим: память кадр=6150 объект=0 отклик=0 записей=0 отказов=0 расхождение=0.0
09-19 00:34:03.254 (+103.6) аим: память кадр=6165 объект=0 отклик=0 записей=0 отказов=0 расхождение=0.0
09-19 00:34:03.505 (+103.8) аим: память кадр=6180 объект=1 отклик=0 записей=9 отказов=0 расхождение=0.0
09-19 00:34:03.757 (+104.1) аим: память кадр=6195 объект=1 отклик=0 записей=23 отказов=0 расхождение=0.0
09-19 00:34:04.010 (+104.3) аим: память кадр=6210 объект=1 отклик=0 записей=33 отказов=0 расхождение=0.0
09-19 00:34:04.261 (+104.6) аим: память кадр=6225 объект=1 отклик=0 записей=48 отказов=0 расхождение=0.0
09-19 00:34:04.512 (+104.8) аим: память кадр=6240 объект=0 отклик=0 записей=0 отказов=0 расхождение=0.0
09-19 00:34:04.763 (+105.1) аим: память кадр=6255 объект=0 отклик=0 записей=0 отказов=0 расхождение=0.0
09-19 00:34:05.015 (+105.3) аим: память кадр=6270 объект=0 отклик=0 записей=0 отказов=0 расхождение=0.0
09-19 00:34:05.267 (+105.6) аим: память кадр=6285 объект=0 отклик=0 записей=0 отказов=0 расхождение=0.0
09-19 00:34:05.521 (+105.8) аим: память кадр=6300 объект=0 отклик=0 записей=0 отказов=0 расхождение=0.0
09-19 00:34:05.771 (+106.1) аим: память кадр=6315 объект=0 отклик=0 записей=0 отказов=0 расхождение=0.0
09-19 00:34:06.025 (+106.3) аим: память кадр=6330 объект=0 отклик=0 записей=0 отказов=0 расхождение=0.0
09-19 00:34:06.276 (+106.6) аим: память кадр=6345 объект=0 отклик=0 записей=0 отказов=0 расхождение=0.0
09-19 00:34:06.528 (+106.8) аим: память кадр=6360 объект=0 отклик=0 записей=0 отказов=0 расхождение=0.0
09-19 00:34:06.779 (+107.1) аим: память кадр=6375 объект=0 отклик=0 записей=0 отказов=0 расхождение=0.0
09-19 00:34:07.033 (+107.3) аим: память кадр=6390 объект=1 отклик=0 записей=6 отказов=0 расхождение=0.0
09-19 00:34:07.283 (+107.6) аим: память кадр=6405 объект=1 отклик=0 записей=20 отказов=0 расхождение=0.0
09-19 00:34:07.535 (+107.8) аим: память кадр=6420 объект=1 отклик=0 записей=33 отказов=0 расхождение=0.0
09-19 00:34:07.787 (+108.1) аим: память кадр=6435 объект=1 отклик=0 записей=1 отказов=0 расхождение=0.0
09-19 00:34:08.040 (+108.3) аим: память кадр=6450 объект=1 отклик=0 записей=16 отказов=0 расхождение=0.0
09-19 00:34:08.292 (+108.6) аим: память кадр=6465 объект=0 отклик=0 записей=0 отказов=0 расхождение=0.0
09-19 00:34:08.543 (+108.9) аим: память кадр=6480 объект=1 отклик=0 записей=5 отказов=0 расхождение=0.0
09-19 00:34:08.792 (+109.1) аим: память кадр=6495 объект=0 отклик=0 записей=0 отказов=0 расхождение=0.0
09-19 00:34:09.044 (+109.4) аим: память кадр=6510 объект=0 отклик=0 записей=0 отказов=0 расхождение=0.0
09-19 00:34:09.296 (+109.6) аим: память кадр=6525 объект=0 отклик=0 записей=0 отказов=0 расхождение=0.0
09-19 00:34:09.548 (+109.9) аим: память кадр=6540 объект=0 отклик=0 записей=0 отказов=0 расхождение=0.0
09-19 00:34:09.800 (+110.1) аим: память кадр=6555 объект=0 отклик=0 записей=0 отказов=0 расхождение=0.0
09-19 00:34:10.052 (+110.4) аим: память кадр=6570 объект=0 отклик=0 записей=0 отказов=0 расхождение=0.0
09-19 00:34:10.303 (+110.6) аим: память кадр=6585 объект=0 отклик=0 записей=0 отказов=0 расхождение=0.0
09-19 00:34:10.555 (+110.9) аим: память кадр=6600 объект=0 отклик=0 записей=0 отказов=0 расхождение=0.0
09-19 00:34:10.807 (+111.1) аим: память кадр=6615 объект=0 отклик=0 записей=0 отказов=0 расхождение=0.0
09-19 00:34:11.063 (+111.4) аим: память кадр=6629 объект=0 отклик=0 записей=0 отказов=0 расхождение=0.0
09-19 00:34:11.312 (+111.6) аим: память кадр=6644 объект=0 отклик=0 записей=0 отказов=0 расхождение=0.0
09-19 00:34:11.564 (+111.9) аим: память кадр=6659 объект=0 отклик=0 записей=0 отказов=0 расхождение=0.0
09-19 00:34:11.814 (+112.1) аим: память кадр=6674 объект=0 отклик=0 записей=0 отказов=0 расхождение=0.0
09-19 00:34:12.067 (+112.4) аим: память кадр=6689 объект=0 отклик=0 записей=0 отказов=0 расхождение=0.0
09-19 00:34:12.319 (+112.6) аим: память кадр=6704 объект=0 отклик=0 записей=0 отказов=0 расхождение=0.0
09-19 00:34:12.571 (+112.9) аим: память кадр=6719 объект=0 отклик=0 записей=0 отказов=0 расхождение=0.0
09-19 00:34:12.823 (+113.1) аим: память кадр=6734 объект=0 отклик=0 записей=0 отказов=0 расхождение=0.0
09-19 00:34:13.079 (+113.4) аим: память кадр=6749 объект=0 отклик=0 записей=0 отказов=0 расхождение=0.0
09-19 00:34:13.326 (+113.6) аим: память кадр=6764 объект=0 отклик=0 записей=0 отказов=0 расхождение=0.0
09-19 00:34:13.576 (+113.9) аим: память кадр=6779 объект=0 отклик=0 записей=0 отказов=0 расхождение=0.0
09-19 00:34:13.829 (+114.1) аим: память кадр=6794 объект=0 отклик=0 записей=0 отказов=0 расхождение=0.0
09-19 00:34:14.082 (+114.4) аим: память кадр=6809 объект=0 отклик=0 записей=0 отказов=0 расхождение=0.0
09-19 00:34:14.333 (+114.6) аим: память кадр=6824 объект=0 отклик=0 записей=0 отказов=0 расхождение=0.0
09-19 00:34:14.586 (+114.9) аим: память кадр=6839 объект=0 отклик=0 записей=0 отказов=0 расхождение=0.0
09-19 00:34:14.837 (+115.1) аим: память кадр=6854 объект=0 отклик=0 записей=0 отказов=0 расхождение=0.0
09-19 00:34:15.087 (+115.4) аим: память кадр=6869 объект=0 отклик=0 записей=0 отказов=0 расхождение=0.0
09-19 00:34:15.340 (+115.6) аим: память кадр=6884 объект=0 отклик=0 записей=0 отказов=0 расхождение=0.0
09-19 00:34:15.593 (+115.9) аим: память кадр=6899 объект=0 отклик=0 записей=0 отказов=0 расхождение=0.0
09-19 00:34:15.844 (+116.2) аим: память кадр=6914 объект=0 отклик=0 записей=0 отказов=0 расхождение=0.0
09-19 00:34:16.095 (+116.4) аим: память кадр=6929 объект=0 отклик=0 записей=0 отказов=0 расхождение=0.0
09-19 00:34:16.348 (+116.7) аим: память кадр=6944 объект=0 отклик=0 записей=0 отказов=0 расхождение=0.0
09-19 00:34:16.597 (+116.9) аим: память кадр=6959 объект=0 отклик=0 записей=0 отказов=0 расхождение=0.0
09-19 00:34:16.852 (+117.2) аим: память кадр=6974 объект=0 отклик=0 записей=0 отказов=0 расхождение=0.0
09-19 00:34:17.108 (+117.4) аим: память кадр=6989 объект=0 отклик=0 записей=0 отказов=0 расхождение=0.0
09-19 00:34:17.355 (+117.7) аим: память кадр=7004 объект=0 отклик=0 записей=0 отказов=0 расхождение=0.0
09-19 00:34:17.607 (+117.9) аим: память кадр=7019 объект=0 отклик=0 записей=0 отказов=0 расхождение=0.0
09-19 00:34:17.859 (+118.2) аим: память кадр=7034 объект=0 отклик=0 записей=0 отказов=0 расхождение=0.0
09-19 00:34:18.108 (+118.4) аим: память кадр=7049 объект=0 отклик=0 записей=0 отказов=0 расхождение=0.0
09-19 00:34:18.362 (+118.7) аим: память кадр=7064 объект=0 отклик=0 записей=0 отказов=0 расхождение=0.0
09-19 00:34:18.613 (+118.9) аим: память кадр=7079 объект=0 отклик=0 записей=0 отказов=0 расхождение=0.0
09-19 00:34:18.866 (+119.2) аим: память кадр=7094 объект=0 отклик=0 записей=0 отказов=0 расхождение=0.0
09-19 00:34:19.116 (+119.4) аим: память кадр=7109 объект=0 отклик=0 записей=0 отказов=0 расхождение=0.0
09-19 00:34:19.368 (+119.7) аим: память кадр=7124 объект=0 отклик=0 записей=0 отказов=0 расхождение=0.0
09-19 00:34:19.618 (+119.9) аим: память кадр=7139 объект=0 отклик=0 записей=0 отказов=0 расхождение=0.0
09-19 00:34:19.871 (+120.2) аим: память кадр=7154 объект=0 отклик=0 записей=0 отказов=0 расхождение=0.0
09-19 00:34:20.120 (+120.4) аим: память кадр=7169 объект=0 отклик=0 записей=0 отказов=0 расхождение=0.0
09-19 00:34:20.373 (+120.7) аим: память кадр=7184 объект=0 отклик=0 записей=0 отказов=0 расхождение=0.0
09-19 00:34:20.625 (+120.9) аим: память кадр=7199 объект=0 отклик=0 записей=0 отказов=0 расхождение=0.0
09-19 00:34:20.887 (+121.2) аим: память кадр=7214 объект=0 отклик=0 записей=0 отказов=0 расхождение=0.0
09-19 00:34:21.139 (+121.4) аим: память кадр=7229 объект=0 отклик=0 записей=0 отказов=0 расхождение=0.0
09-19 00:34:21.390 (+121.7) аим: память кадр=7244 объект=0 отклик=0 записей=0 отказов=0 расхождение=0.0
09-19 00:34:21.642 (+121.9) аим: память кадр=7259 объект=0 отклик=0 записей=0 отказов=0 расхождение=0.0
09-19 00:34:21.894 (+122.2) аим: память кадр=7274 объект=0 отклик=0 записей=0 отказов=0 расхождение=0.0
09-19 00:34:22.146 (+122.5) аим: память кадр=7289 объект=0 отклик=0 записей=0 отказов=0 расхождение=0.0
09-19 00:34:22.146 (+122.5) память: MouseLook=0x6f75425c80 углы=(1.46, -17.19) чувствительность=0.100 инверсия=0 гироскоп=1
09-19 00:34:22.399 (+122.7) аим: память кадр=7304 объект=0 отклик=0 записей=0 отказов=0 расхождение=0.0
09-19 00:34:22.651 (+123.0) аим: память кадр=7319 объект=1 отклик=0 записей=1 отказов=0 расхождение=0.0
09-19 00:34:22.903 (+123.2) аим: память кадр=7334 объект=1 отклик=0 записей=15 отказов=0 расхождение=0.0
09-19 00:34:23.155 (+123.5) аим: память кадр=7349 объект=0 отклик=0 записей=0 отказов=0 расхождение=0.0
09-19 00:34:23.406 (+123.7) аим: память кадр=7364 объект=0 отклик=0 записей=0 отказов=0 расхождение=0.0
09-19 00:34:23.658 (+124.0) аим: память кадр=7379 объект=0 отклик=0 записей=0 отказов=0 расхождение=0.0
09-19 00:34:23.909 (+124.2) аим: память кадр=7394 объект=0 отклик=0 записей=0 отказов=0 расхождение=0.0
09-19 00:34:24.162 (+124.5) аим: память кадр=7409 объект=0 отклик=0 записей=0 отказов=0 расхождение=0.0
09-19 00:34:24.413 (+124.7) аим: память кадр=7424 объект=0 отклик=0 записей=0 отказов=0 расхождение=0.0
09-19 00:34:24.665 (+125.0) аим: память кадр=7439 объект=0 отклик=0 записей=0 отказов=0 расхождение=0.0
09-19 00:34:24.917 (+125.2) аим: память кадр=7454 объект=0 отклик=0 записей=0 отказов=0 расхождение=0.0
09-19 00:34:25.168 (+125.5) аим: память кадр=7469 объект=1 отклик=0 записей=8 отказов=0 расхождение=0.0
09-19 00:34:25.419 (+125.7) аим: память кадр=7484 объект=1 отклик=0 записей=23 отказов=0 расхождение=0.0
09-19 00:34:25.671 (+126.0) аим: память кадр=7499 объект=1 отклик=0 записей=37 отказов=0 расхождение=0.0
09-19 00:34:25.923 (+126.2) аим: память кадр=7514 объект=0 отклик=0 записей=0 отказов=0 расхождение=0.0
09-19 00:34:26.172 (+126.5) аим: память кадр=7529 объект=0 отклик=0 записей=0 отказов=0 расхождение=0.0
09-19 00:34:26.425 (+126.7) аим: память кадр=7544 объект=0 отклик=0 записей=0 отказов=0 расхождение=0.0
09-19 00:34:26.677 (+127.0) аим: память кадр=7559 объект=1 отклик=0 записей=4 отказов=0 расхождение=0.0
09-19 00:34:26.928 (+127.2) аим: память кадр=7574 объект=1 отклик=0 записей=18 отказов=0 расхождение=0.0
09-19 00:34:27.181 (+127.5) аим: память кадр=7589 объект=1 отклик=0 записей=30 отказов=0 расхождение=0.0
09-19 00:34:27.432 (+127.7) аим: память кадр=7604 объект=0 отклик=0 записей=0 отказов=0 расхождение=0.0
09-19 00:34:27.684 (+128.0) аим: память кадр=7619 объект=0 отклик=0 записей=0 отказов=0 расхождение=0.0
09-19 00:34:27.936 (+128.2) аим: память кадр=7634 объект=0 отклик=0 записей=0 отказов=0 расхождение=0.0
09-19 00:34:28.188 (+128.5) аим: память кадр=7649 объект=0 отклик=0 записей=0 отказов=0 расхождение=0.0
09-19 00:34:28.439 (+128.7) аим: память кадр=7664 объект=1 отклик=0 записей=13 отказов=0 расхождение=0.0
09-19 00:34:28.692 (+129.0) аим: память кадр=7679 объект=1 отклик=0 записей=27 отказов=0 расхождение=0.0
09-19 00:34:28.943 (+129.2) аим: память кадр=7694 объект=1 отклик=0 записей=42 отказов=0 расхождение=0.0
09-19 00:34:29.196 (+129.5) аим: память кадр=7709 объект=0 отклик=0 записей=0 отказов=0 расхождение=0.0
09-19 00:34:29.445 (+129.8) аим: память кадр=7724 объект=0 отклик=0 записей=0 отказов=0 расхождение=0.0
09-19 00:34:29.698 (+130.0) аим: память кадр=7739 объект=0 отклик=0 записей=0 отказов=0 расхождение=0.0
09-19 00:34:29.950 (+130.3) аим: память кадр=7754 объект=0 отклик=0 записей=0 отказов=0 расхождение=0.0
09-19 00:34:30.202 (+130.5) аим: память кадр=7769 объект=0 отклик=0 записей=0 отказов=0 расхождение=0.0
09-19 00:34:30.454 (+130.8) аим: память кадр=7784 объект=0 отклик=0 записей=0 отказов=0 расхождение=0.0
09-19 00:34:30.705 (+131.0) аим: память кадр=7799 объект=1 отклик=0 записей=1 отказов=0 расхождение=0.0
09-19 00:34:30.956 (+131.3) аим: память кадр=7814 объект=1 отклик=0 записей=16 отказов=0 расхождение=0.0
09-19 00:34:31.208 (+131.5) аим: память кадр=7829 объект=1 отклик=0 записей=31 отказов=0 расхождение=0.0
09-19 00:34:31.460 (+131.8) аим: память кадр=7844 объект=1 отклик=0 записей=46 отказов=0 расхождение=0.0
09-19 00:34:31.711 (+132.0) аим: память кадр=7859 объект=1 отклик=0 записей=61 отказов=0 расхождение=0.0
09-19 00:34:31.961 (+132.3) аим: память кадр=7874 объект=0 отклик=0 записей=0 отказов=0 расхождение=0.0
09-19 00:34:32.213 (+132.5) аим: память кадр=7889 объект=0 отклик=0 записей=0 отказов=0 расхождение=0.0
09-19 00:34:32.472 (+132.8) аим: память кадр=7904 объект=0 отклик=0 записей=0 отказов=0 расхождение=0.0
09-19 00:34:32.718 (+133.0) аим: память кадр=7919 объект=0 отклик=0 записей=0 отказов=0 расхождение=0.0
09-19 00:34:32.970 (+133.3) аим: память кадр=7934 объект=0 отклик=0 записей=0 отказов=0 расхождение=0.0
09-19 00:34:33.221 (+133.5) аим: память кадр=7949 объект=0 отклик=0 записей=0 отказов=0 расхождение=0.0
09-19 00:34:33.473 (+133.8) аим: память кадр=7964 объект=0 отклик=0 записей=0 отказов=0 расхождение=0.0
09-19 00:34:33.724 (+134.0) аим: память кадр=7979 объект=0 отклик=0 записей=0 отказов=0 расхождение=0.0
09-19 00:34:33.976 (+134.3) аим: память кадр=7994 объект=0 отклик=0 записей=0 отказов=0 расхождение=0.0
09-19 00:34:34.228 (+134.5) аим: память кадр=8009 объект=0 отклик=0 записей=0 отказов=0 расхождение=0.0
09-19 00:34:34.480 (+134.8) аим: память кадр=8023 объект=0 отклик=0 записей=0 отказов=0 расхождение=0.0
09-19 00:34:34.735 (+135.0) аим: память кадр=8038 объект=0 отклик=0 записей=0 отказов=0 расхождение=0.0
09-19 00:34:34.986 (+135.3) аим: память кадр=8053 объект=0 отклик=0 записей=0 отказов=0 расхождение=0.0
09-19 00:34:35.238 (+135.5) аим: память кадр=8068 объект=0 отклик=0 записей=0 отказов=0 расхождение=0.0
09-19 00:34:35.489 (+135.8) аим: память кадр=8083 объект=0 отклик=0 записей=0 отказов=0 расхождение=0.0
09-19 00:34:35.740 (+136.0) аим: память кадр=8098 объект=0 отклик=0 записей=0 отказов=0 расхождение=0.0
09-19 00:34:35.993 (+136.3) аим: память кадр=8113 объект=0 отклик=0 записей=0 отказов=0 расхождение=0.0
09-19 00:34:36.244 (+136.6) аим: память кадр=8128 объект=0 отклик=0 записей=0 отказов=0 расхождение=0.0
09-19 00:34:36.496 (+136.8) аим: память кадр=8143 объект=0 отклик=0 записей=0 отказов=0 расхождение=0.0
09-19 00:34:36.752 (+137.1) аим: память кадр=8158 объект=0 отклик=0 записей=0 отказов=0 расхождение=0.0
09-19 00:34:36.999 (+137.3) аим: память кадр=8173 объект=0 отклик=0 записей=0 отказов=0 расхождение=0.0
09-19 00:34:37.201 (+137.5) память: MouseLook=0x6f7bdc2e60 углы=(2.80, -1.24) чувствительность=0.100 инверсия=0 гироскоп=1
09-19 00:34:37.251 (+137.6) аим: память кадр=8188 объект=1 отклик=0 записей=3 отказов=0 расхождение=0.0
09-19 00:34:37.503 (+137.8) аим: память кадр=8203 объект=1 отклик=0 записей=18 отказов=0 расхождение=0.0
09-19 00:34:37.755 (+138.1) аим: память кадр=8218 объект=1 отклик=0 записей=31 отказов=0 расхождение=0.0
09-19 00:34:38.006 (+138.3) аим: память кадр=8233 объект=1 отклик=0 записей=43 отказов=0 расхождение=0.0
09-19 00:34:38.258 (+138.6) аим: память кадр=8248 объект=1 отклик=0 записей=58 отказов=0 расхождение=0.0
09-19 00:34:38.510 (+138.8) аим: память кадр=8263 объект=1 отклик=0 записей=71 отказов=0 расхождение=0.0
09-19 00:34:38.764 (+139.1) аим: память кадр=8278 объект=0 отклик=0 записей=0 отказов=0 расхождение=0.0
09-19 00:34:39.016 (+139.3) аим: память кадр=8293 объект=0 отклик=0 записей=0 отказов=0 расхождение=0.0
09-19 00:34:39.267 (+139.6) аим: память кадр=8308 объект=0 отклик=0 записей=0 отказов=0 расхождение=0.0
09-19 00:34:39.519 (+139.8) аим: память кадр=8323 объект=0 отклик=0 записей=0 отказов=0 расхождение=0.0
09-19 00:34:39.776 (+140.1) аим: память кадр=8338 объект=0 отклик=0 записей=0 отказов=0 расхождение=0.0
09-19 00:34:40.023 (+140.3) аим: память кадр=8353 объект=1 отклик=0 записей=8 отказов=0 расхождение=0.0
09-19 00:34:40.276 (+140.6) аим: память кадр=8368 объект=1 отклик=0 записей=23 отказов=0 расхождение=0.0
09-19 00:34:40.526 (+140.8) аим: память кадр=8383 объект=0 отклик=0 записей=0 отказов=0 расхождение=0.0
09-19 00:34:40.776 (+141.1) аим: память кадр=8398 объект=0 отклик=0 записей=0 отказов=0 расхождение=0.0
09-19 00:34:41.027 (+141.3) аим: память кадр=8413 объект=0 отклик=0 записей=0 отказов=0 расхождение=0.0
09-19 00:34:41.279 (+141.6) аим: память кадр=8428 объект=0 отклик=0 записей=0 отказов=0 расхождение=0.0
09-19 00:34:41.530 (+141.8) аим: память кадр=8443 объект=0 отклик=0 записей=0 отказов=0 расхождение=0.0
09-19 00:34:41.782 (+142.1) аим: память кадр=8458 объект=0 отклик=0 записей=0 отказов=0 расхождение=0.0
09-19 00:34:42.033 (+142.3) аим: память кадр=8473 объект=0 отклик=0 записей=0 отказов=0 расхождение=0.0
09-19 00:34:42.285 (+142.6) аим: память кадр=8488 объект=0 отклик=0 записей=0 отказов=0 расхождение=0.0
09-19 00:34:42.537 (+142.8) аим: память кадр=8503 объект=0 отклик=0 записей=0 отказов=0 расхождение=0.0
09-19 00:34:42.807 (+143.1) аим: память кадр=8518 объект=0 отклик=0 записей=0 отказов=0 расхождение=0.0
09-19 00:34:43.055 (+143.4) аим: память кадр=8533 объект=0 отклик=0 записей=0 отказов=0 расхождение=0.0
09-19 00:34:43.307 (+143.6) аим: память кадр=8548 объект=0 отклик=0 записей=0 отказов=0 расхождение=0.0
09-19 00:34:43.559 (+143.9) аим: память кадр=8563 объект=0 отклик=0 записей=0 отказов=0 расхождение=0.0
09-19 00:34:43.810 (+144.1) аим: память кадр=8578 объект=0 отклик=0 записей=0 отказов=0 расхождение=0.0
09-19 00:34:44.062 (+144.4) аим: память кадр=8593 объект=0 отклик=0 записей=0 отказов=0 расхождение=0.0
09-19 00:34:44.313 (+144.6) аим: память кадр=8608 объект=0 отклик=0 записей=0 отказов=0 расхождение=0.0
09-19 00:34:44.565 (+144.9) аим: память кадр=8623 объект=0 отклик=0 записей=0 отказов=0 расхождение=0.0
09-19 00:34:44.817 (+145.1) аим: память кадр=8638 объект=0 отклик=0 записей=0 отказов=0 расхождение=0.0
09-19 00:34:45.068 (+145.4) аим: память кадр=8653 объект=0 отклик=0 записей=0 отказов=0 расхождение=0.0
09-19 00:34:45.320 (+145.6) аим: память кадр=8668 объект=0 отклик=0 записей=0 отказов=0 расхождение=0.0
09-19 00:34:45.320 (+145.6) память: MouseLook=0x6f75be4f00 углы=(1.47, -10.76) чувствительность=0.100 инверсия=0 гироскоп=1
09-19 00:34:45.571 (+145.9) аим: память кадр=8683 объект=1 отклик=0 записей=13 отказов=0 расхождение=0.0
09-19 00:34:45.823 (+146.1) аим: память кадр=8698 объект=1 отклик=0 записей=28 отказов=0 расхождение=0.0
09-19 00:34:46.078 (+146.4) аим: память кадр=8713 объект=1 отклик=0 записей=43 отказов=0 расхождение=0.0
09-19 00:34:46.329 (+146.6) аим: память кадр=8728 объект=0 отклик=0 записей=0 отказов=0 расхождение=0.0
09-19 00:34:46.582 (+146.9) аим: память кадр=8743 объект=0 отклик=0 записей=0 отказов=0 расхождение=0.0
09-19 00:34:46.832 (+147.1) аим: память кадр=8758 объект=0 отклик=0 записей=0 отказов=0 расхождение=0.0
09-19 00:34:47.084 (+147.4) аим: память кадр=8773 объект=0 отклик=0 записей=0 отказов=0 расхождение=0.0
09-19 00:34:47.336 (+147.6) аим: память кадр=8788 объект=0 отклик=0 записей=0 отказов=0 расхождение=0.0
09-19 00:34:47.588 (+147.9) аим: память кадр=8803 объект=0 отклик=0 записей=0 отказов=0 расхождение=0.0
09-19 00:34:47.839 (+148.1) аим: память кадр=8818 объект=0 отклик=0 записей=0 отказов=0 расхождение=0.0
09-19 00:34:48.091 (+148.4) аим: память кадр=8833 объект=0 отклик=0 записей=0 отказов=0 расхождение=0.0
09-19 00:34:48.341 (+148.6) аим: память кадр=8848 объект=0 отклик=0 записей=0 отказов=0 расхождение=0.0
09-19 00:34:48.594 (+148.9) аим: память кадр=8863 объект=0 отклик=0 записей=0 отказов=0 расхождение=0.0
09-19 00:34:48.847 (+149.2) аим: память кадр=8878 объект=0 отклик=0 записей=0 отказов=0 расхождение=0.0
09-19 00:34:49.098 (+149.4) аим: память кадр=8893 объект=0 отклик=0 записей=0 отказов=0 расхождение=0.0
09-19 00:34:49.351 (+149.7) аим: память кадр=8908 объект=0 отклик=0 записей=0 отказов=0 расхождение=0.0
09-19 00:34:49.603 (+149.9) аим: память кадр=8923 объект=0 отклик=0 записей=0 отказов=0 расхождение=0.0
09-19 00:34:49.855 (+150.2) аим: память кадр=8938 объект=0 отклик=0 записей=0 отказов=0 расхождение=0.0
09-19 00:34:50.106 (+150.4) аим: память кадр=8953 объект=0 отклик=0 записей=0 отказов=0 расхождение=0.0
09-19 00:34:50.361 (+150.7) аим: память кадр=8968 объект=0 отклик=0 записей=0 отказов=0 расхождение=0.0
09-19 00:34:50.609 (+150.9) аим: память кадр=8983 объект=0 отклик=0 записей=0 отказов=0 расхождение=0.0
09-19 00:34:50.867 (+151.2) аим: память кадр=8998 объект=0 отклик=0 записей=0 отказов=0 расхождение=0.0
09-19 00:34:51.120 (+151.4) аим: память кадр=9013 объект=0 отклик=0 записей=0 отказов=0 расхождение=0.0
09-19 00:34:51.364 (+151.7) аим: память кадр=9028 объект=0 отклик=0 записей=0 отказов=0 расхождение=0.0
09-19 00:34:51.617 (+151.9) аим: память кадр=9043 объект=0 отклик=0 записей=0 отказов=0 расхождение=0.0
09-19 00:34:51.869 (+152.2) аим: память кадр=9058 объект=0 отклик=0 записей=0 отказов=0 расхождение=0.0
09-19 00:34:52.121 (+152.4) аим: память кадр=9073 объект=0 отклик=0 записей=0 отказов=0 расхождение=0.0
09-19 00:34:52.221 (+152.5) аим: выбран режим 0 (Тач), аим включён
09-19 00:34:53.177 (+153.5) аим: выбран режим 1 (Память), аим включён
09-19 00:34:53.379 (+153.7) аим: память кадр=9148 объект=0 отклик=0 записей=0 отказов=0 расхождение=0.0
09-19 00:34:53.630 (+153.9) аим: память кадр=9163 объект=0 отклик=0 записей=0 отказов=0 расхождение=0.0
09-19 00:34:53.882 (+154.2) аим: память кадр=9178 объект=0 отклик=0 записей=0 отказов=0 расхождение=0.0
09-19 00:34:54.131 (+154.4) аим: память кадр=9193 объект=0 отклик=0 записей=0 отказов=0 расхождение=0.0
09-19 00:34:54.386 (+154.7) аим: память кадр=9208 объект=0 отклик=0 записей=0 отказов=0 расхождение=0.0
09-19 00:34:54.635 (+154.9) аим: память кадр=9223 объект=0 отклик=0 записей=0 отказов=0 расхождение=0.0
09-19 00:34:54.888 (+155.2) аим: память кадр=9238 объект=0 отклик=0 записей=0 отказов=0 расхождение=0.0
09-19 00:34:55.138 (+155.4) аим: память кадр=9253 объект=0 отклик=0 записей=0 отказов=0 расхождение=0.0
09-19 00:34:55.390 (+155.7) аим: память кадр=9268 объект=0 отклик=0 записей=0 отказов=0 расхождение=0.0
09-19 00:34:55.641 (+155.9) аим: память кадр=9283 объект=0 отклик=0 записей=0 отказов=0 расхождение=0.0
09-19 00:34:55.892 (+156.2) аим: память кадр=9298 объект=0 отклик=0 записей=0 отказов=0 расхождение=0.0
09-19 00:34:56.144 (+156.5) аим: память кадр=9313 объект=0 отклик=0 записей=0 отказов=0 расхождение=0.0
09-19 00:34:56.397 (+156.7) аим: память кадр=9328 объект=0 отклик=0 записей=0 отказов=0 расхождение=0.0
09-19 00:34:56.648 (+157.0) аим: память кадр=9343 объект=0 отклик=0 записей=0 отказов=0 расхождение=0.0
09-19 00:34:56.900 (+157.2) аим: память кадр=9358 объект=0 отклик=0 записей=0 отказов=0 расхождение=0.0
09-19 00:34:57.152 (+157.5) аим: память кадр=9373 объект=1 отклик=0 записей=8 отказов=0 расхождение=0.0
09-19 00:34:57.408 (+157.7) аим: память кадр=9388 объект=1 отклик=0 записей=22 отказов=0 расхождение=0.0
09-19 00:34:57.655 (+158.0) аим: память кадр=9403 объект=1 отклик=0 записей=37 отказов=0 расхождение=0.0
09-19 00:34:57.907 (+158.2) аим: память кадр=9418 объект=0 отклик=0 записей=0 отказов=0 расхождение=0.0
09-19 00:34:58.158 (+158.5) аим: память кадр=9433 объект=0 отклик=0 записей=0 отказов=0 расхождение=0.0
09-19 00:34:58.409 (+158.7) аим: память кадр=9448 объект=0 отклик=0 записей=0 отказов=0 расхождение=0.0
09-19 00:34:58.663 (+159.0) аим: память кадр=9463 объект=0 отклик=0 записей=0 отказов=0 расхождение=0.0
09-19 00:34:58.914 (+159.2) аим: память кадр=9478 объект=0 отклик=0 записей=0 отказов=0 расхождение=0.0
09-19 00:34:59.165 (+159.5) аим: память кадр=9493 объект=0 отклик=0 записей=0 отказов=0 расхождение=0.0
09-19 00:34:59.416 (+159.7) аим: память кадр=9508 объект=0 отклик=0 записей=0 отказов=0 расхождение=0.0
09-19 00:34:59.673 (+160.0) аим: память кадр=9523 объект=0 отклик=0 записей=0 отказов=0 расхождение=0.0
09-19 00:34:59.924 (+160.2) аим: память кадр=9538 объект=0 отклик=0 записей=0 отказов=0 расхождение=0.0
09-19 00:35:00.177 (+160.5) аим: память кадр=9553 объект=0 отклик=0 записей=0 отказов=0 расхождение=0.0
09-19 00:35:00.434 (+160.7) аим: память кадр=9568 объект=0 отклик=0 записей=0 отказов=0 расхождение=0.0
09-19 00:35:00.679 (+161.0) аим: память кадр=9583 объект=0 отклик=0 записей=0 отказов=0 расхождение=0.0
09-19 00:35:00.930 (+161.2) аим: память кадр=9598 объект=1 отклик=0 записей=12 отказов=0 расхождение=0.0
09-19 00:35:01.182 (+161.5) аим: память кадр=9613 объект=1 отклик=0 записей=26 отказов=0 расхождение=0.0
09-19 00:35:01.438 (+161.7) аим: память кадр=9628 объект=1 отклик=0 записей=41 отказов=0 расхождение=0.0
09-19 00:35:01.701 (+162.0) аим: память кадр=9644 объект=1 отклик=0 записей=55 отказов=0 расхождение=0.0
09-19 00:35:01.953 (+162.3) аим: память кадр=9659 объект=0 отклик=0 записей=0 отказов=0 расхождение=0.0
09-19 00:35:02.207 (+162.5) аим: память кадр=9674 объект=0 отклик=0 записей=0 отказов=0 расхождение=0.0
09-19 00:35:02.459 (+162.8) аим: память кадр=9689 объект=1 отклик=0 записей=15 отказов=0 расхождение=0.0
09-19 00:35:02.710 (+163.0) аим: память кадр=9704 объект=1 отклик=0 записей=30 отказов=0 расхождение=0.0
09-19 00:35:02.962 (+163.3) аим: память кадр=9719 объект=1 отклик=0 записей=43 отказов=0 расхождение=0.0
09-19 00:35:03.213 (+163.5) аим: память кадр=9734 объект=1 отклик=0 записей=57 отказов=0 расхождение=0.0
09-19 00:35:03.466 (+163.8) аим: память кадр=9749 объект=0 отклик=0 записей=0 отказов=0 расхождение=0.0
09-19 00:35:03.717 (+164.0) аим: память кадр=9764 объект=0 отклик=0 записей=0 отказов=0 расхождение=0.0
09-19 00:35:03.966 (+164.3) аим: память кадр=9779 объект=0 отклик=0 записей=0 отказов=0 расхождение=0.0
09-19 00:35:04.219 (+164.5) аим: память кадр=9794 объект=0 отклик=0 записей=0 отказов=0 расхождение=0.0
09-19 00:35:04.471 (+164.8) аим: память кадр=9809 объект=0 отклик=0 записей=0 отказов=0 расхождение=0.0
09-19 00:35:04.722 (+165.0) аим: память кадр=9824 объект=0 отклик=0 записей=0 отказов=0 расхождение=0.0
09-19 00:35:04.974 (+165.3) аим: память кадр=9839 объект=1 отклик=0 записей=6 отказов=0 расхождение=0.0
09-19 00:35:05.226 (+165.5) аим: память кадр=9854 объект=1 отклик=0 записей=21 отказов=0 расхождение=0.0
09-19 00:35:05.477 (+165.8) аим: память кадр=9869 объект=1 отклик=0 записей=36 отказов=0 расхождение=0.0
09-19 00:35:05.729 (+166.0) аим: память кадр=9884 объект=1 отклик=0 записей=47 отказов=0 расхождение=0.0
09-19 00:35:05.986 (+166.3) аим: память кадр=9899 объект=0 отклик=0 записей=0 отказов=0 расхождение=0.0
09-19 00:35:06.233 (+166.5) аим: память кадр=9914 объект=0 отклик=0 записей=0 отказов=0 расхождение=0.0
09-19 00:35:06.486 (+166.8) аим: память кадр=9929 объект=0 отклик=0 записей=0 отказов=0 расхождение=0.0
09-19 00:35:06.738 (+167.0) аим: память кадр=9944 объект=0 отклик=0 записей=0 отказов=0 расхождение=0.0
09-19 00:35:06.995 (+167.3) аим: память кадр=9959 объект=0 отклик=0 записей=0 отказов=0 расхождение=0.0
09-19 00:35:07.247 (+167.6) аим: память кадр=9974 объект=0 отклик=0 записей=0 отказов=0 расхождение=0.0
09-19 00:35:07.501 (+167.8) аим: память кадр=9989 объект=0 отклик=0 записей=0 отказов=0 расхождение=0.0
09-19 00:35:07.750 (+168.1) аим: память кадр=10004 объект=0 отклик=0 записей=0 отказов=0 расхождение=0.0
09-19 00:35:08.003 (+168.3) аим: память кадр=10019 объект=0 отклик=0 записей=0 отказов=0 расхождение=0.0
09-19 00:35:08.253 (+168.6) аим: память кадр=10034 объект=0 отклик=0 записей=0 отказов=0 расхождение=0.0
09-19 00:35:08.505 (+168.8) аим: память кадр=10049 объект=0 отклик=0 записей=0 отказов=0 расхождение=0.0
09-19 00:35:08.757 (+169.1) аим: память кадр=10064 объект=1 отклик=0 записей=5 отказов=0 расхождение=0.0
09-19 00:35:09.014 (+169.3) аим: память кадр=10079 объект=1 отклик=0 записей=16 отказов=0 расхождение=0.0
09-19 00:35:09.260 (+169.6) аим: память кадр=10094 объект=1 отклик=0 записей=28 отказов=0 расхождение=0.0
09-19 00:35:09.512 (+169.8) аим: память кадр=10109 объект=0 отклик=0 записей=0 отказов=0 расхождение=0.0
09-19 00:35:09.764 (+170.1) аим: память кадр=10124 объект=0 отклик=0 записей=0 отказов=0 расхождение=0.0
09-19 00:35:10.014 (+170.3) аим: память кадр=10139 объект=0 отклик=0 записей=0 отказов=0 расхождение=0.0
09-19 00:35:10.268 (+170.6) аим: память кадр=10154 объект=0 отклик=0 записей=0 отказов=0 расхождение=0.0
09-19 00:35:10.519 (+170.8) аим: память кадр=10169 объект=0 отклик=0 записей=0 отказов=0 расхождение=0.0
09-19 00:35:10.771 (+171.1) аим: память кадр=10184 объект=0 отклик=0 записей=0 отказов=0 расхождение=0.0
09-19 00:35:11.023 (+171.3) аим: память кадр=10199 объект=0 отклик=0 записей=0 отказов=0 расхождение=0.0
09-19 00:35:11.274 (+171.6) аим: память кадр=10214 объект=0 отклик=0 записей=0 отказов=0 расхождение=0.0
09-19 00:35:11.526 (+171.8) аим: память кадр=10229 объект=1 отклик=0 записей=7 отказов=0 расхождение=0.0
09-19 00:35:11.778 (+172.1) аим: память кадр=10244 объект=1 отклик=0 записей=21 отказов=0 расхождение=0.0
09-19 00:35:12.029 (+172.3) аим: память кадр=10259 объект=1 отклик=0 записей=34 отказов=0 расхождение=0.0
09-19 00:35:12.281 (+172.6) аим: память кадр=10274 объект=0 отклик=0 записей=0 отказов=0 расхождение=0.0
09-19 00:35:12.532 (+172.8) аим: память кадр=10289 объект=1 отклик=0 записей=8 отказов=0 расхождение=0.0
09-19 00:35:12.784 (+173.1) аим: память кадр=10304 объект=1 отклик=0 записей=22 отказов=0 расхождение=0.0
09-19 00:35:13.036 (+173.3) аим: память кадр=10319 объект=1 отклик=0 записей=37 отказов=0 расхождение=0.0
09-19 00:35:13.292 (+173.6) аим: память кадр=10334 объект=0 отклик=0 записей=0 отказов=0 расхождение=0.0
09-19 00:35:13.540 (+173.8) аим: память кадр=10349 объект=1 отклик=0 записей=13 отказов=0 расхождение=0.0
09-19 00:35:13.792 (+174.1) аим: память кадр=10364 объект=1 отклик=0 записей=28 отказов=0 расхождение=0.0
09-19 00:35:14.043 (+174.4) аим: память кадр=10379 объект=1 отклик=0 записей=43 отказов=0 расхождение=0.0
09-19 00:35:14.296 (+174.6) аим: память кадр=10394 объект=0 отклик=0 записей=0 отказов=0 расхождение=0.0
09-19 00:35:14.547 (+174.9) аим: память кадр=10409 объект=0 отклик=0 записей=0 отказов=0 расхождение=0.0
09-19 00:35:14.799 (+175.1) аим: память кадр=10424 объект=0 отклик=0 записей=0 отказов=0 расхождение=0.0
09-19 00:35:15.049 (+175.4) аим: память кадр=10439 объект=0 отклик=0 записей=0 отказов=0 расхождение=0.0
09-19 00:35:15.302 (+175.6) аим: память кадр=10454 объект=0 отклик=0 записей=0 отказов=0 расхождение=0.0
09-19 00:35:15.552 (+175.9) аим: память кадр=10469 объект=1 отклик=0 записей=5 отказов=0 расхождение=0.0
09-19 00:35:15.804 (+176.1) аим: память кадр=10484 объект=1 отклик=0 записей=19 отказов=0 расхождение=0.0
09-19 00:35:16.056 (+176.4) аим: память кадр=10499 объект=1 отклик=0 записей=34 отказов=0 расхождение=0.0
09-19 00:35:16.308 (+176.6) аим: память кадр=10514 объект=1 отклик=0 записей=49 отказов=0 расхождение=0.0
09-19 00:35:16.559 (+176.9) аим: память кадр=10529 объект=0 отклик=0 записей=0 отказов=0 расхождение=0.0
09-19 00:35:16.811 (+177.1) аим: память кадр=10544 объект=0 отклик=0 записей=0 отказов=0 расхождение=0.0
09-19 00:35:17.062 (+177.4) аим: память кадр=10559 объект=0 отклик=0 записей=0 отказов=0 расхождение=0.0
09-19 00:35:17.314 (+177.6) аим: память кадр=10574 объект=1 отклик=0 записей=9 отказов=0 расхождение=0.0
09-19 00:35:17.565 (+177.9) аим: память кадр=10589 объект=1 отклик=0 записей=20 отказов=0 расхождение=0.0
09-19 00:35:17.817 (+178.1) аим: память кадр=10604 объект=1 отклик=0 записей=35 отказов=0 расхождение=0.0
09-19 00:35:18.069 (+178.4) аим: память кадр=10619 объект=0 отклик=0 записей=0 отказов=0 расхождение=0.0
09-19 00:35:18.320 (+178.6) аим: память кадр=10634 объект=0 отклик=0 записей=0 отказов=0 расхождение=0.0
09-19 00:35:18.572 (+178.9) аим: память кадр=10649 объект=0 отклик=0 записей=0 отказов=0 расхождение=0.0
09-19 00:35:18.822 (+179.1) аим: память кадр=10664 объект=0 отклик=0 записей=0 отказов=0 расхождение=0.0
09-19 00:35:19.076 (+179.4) аим: память кадр=10679 объект=1 отклик=0 записей=8 отказов=0 расхождение=0.0
09-19 00:35:19.327 (+179.6) аим: память кадр=10694 объект=1 отклик=0 записей=23 отказов=0 расхождение=0.0
09-19 00:35:19.579 (+179.9) аим: память кадр=10709 объект=1 отклик=0 записей=37 отказов=0 расхождение=0.0
09-19 00:35:19.830 (+180.1) аим: память кадр=10724 объект=0 отклик=0 записей=0 отказов=0 расхождение=0.0
09-19 00:35:20.082 (+180.4) аим: память кадр=10739 объект=0 отклик=0 записей=0 отказов=0 расхождение=0.0
09-19 00:35:20.334 (+180.6) аим: память кадр=10754 объект=0 отклик=0 записей=0 отказов=0 расхождение=0.0
09-19 00:35:20.583 (+180.9) аим: память кадр=10769 объект=0 отклик=0 записей=0 отказов=0 расхождение=0.0
09-19 00:35:20.835 (+181.1) аим: память кадр=10784 объект=0 отклик=0 записей=0 отказов=0 расхождение=0.0
09-19 00:35:21.087 (+181.4) аим: память кадр=10799 объект=0 отклик=0 записей=0 отказов=0 расхождение=0.0
09-19 00:35:21.339 (+181.6) аим: память кадр=10814 объект=0 отклик=0 записей=0 отказов=0 расхождение=0.0
09-19 00:35:21.590 (+181.9) аим: память кадр=10829 объект=0 отклик=0 записей=0 отказов=0 расхождение=0.0
09-19 00:35:21.843 (+182.2) аим: память кадр=10844 объект=0 отклик=0 записей=0 отказов=0 расхождение=0.0
09-19 00:35:22.096 (+182.4) аим: память кадр=10859 объект=0 отклик=0 записей=0 отказов=0 расхождение=0.0
09-19 00:35:22.347 (+182.7) аим: память кадр=10874 объект=0 отклик=0 записей=0 отказов=0 расхождение=0.0
09-19 00:35:22.600 (+182.9) аим: память кадр=10889 объект=0 отклик=0 записей=0 отказов=0 расхождение=0.0
09-19 00:35:22.861 (+183.2) аим: память кадр=10904 объект=0 отклик=0 записей=0 отказов=0 расхождение=0.0
09-19 00:35:23.112 (+183.4) аим: память кадр=10919 объект=0 отклик=0 записей=0 отказов=0 расхождение=0.0
09-19 00:35:23.364 (+183.7) аим: память кадр=10934 объект=0 отклик=0 записей=0 отказов=0 расхождение=0.0
09-19 00:35:23.615 (+183.9) аим: память кадр=10949 объект=0 отклик=0 записей=0 отказов=0 расхождение=0.0
09-19 00:35:23.867 (+184.2) аим: память кадр=10964 объект=0 отклик=0 записей=0 отказов=0 расхождение=0.0
09-19 00:35:24.118 (+184.4) аим: память кадр=10979 объект=0 отклик=0 записей=0 отказов=0 расхождение=0.0
09-19 00:35:24.371 (+184.7) аим: память кадр=10994 объект=0 отклик=0 записей=0 отказов=0 расхождение=0.0
09-19 00:35:24.571 (+184.9) память: MouseLook=0x6f75fd5b40 углы=(-0.83, 124.07) чувствительность=0.100 инверсия=0 гироскоп=1
09-19 00:35:24.622 (+184.9) аим: память кадр=11009 объект=1 отклик=0 записей=3 отказов=0 расхождение=0.0
09-19 00:35:24.873 (+185.2) аим: память кадр=11024 объект=1 отклик=0 записей=17 отказов=0 расхождение=0.0
09-19 00:35:25.123 (+185.4) аим: память кадр=11039 объект=1 отклик=0 записей=30 отказов=0 расхождение=0.0
09-19 00:35:25.377 (+185.7) аим: память кадр=11054 объект=1 отклик=0 записей=43 отказов=0 расхождение=0.0
09-19 00:35:25.627 (+185.9) аим: память кадр=11069 объект=0 отклик=0 записей=0 отказов=0 расхождение=0.0
09-19 00:35:25.879 (+186.2) аим: память кадр=11084 объект=0 отклик=0 записей=0 отказов=0 расхождение=0.0
09-19 00:35:26.131 (+186.4) аим: память кадр=11099 объект=0 отклик=0 записей=0 отказов=0 расхождение=0.0
09-19 00:35:26.384 (+186.7) аим: память кадр=11114 объект=1 отклик=0 записей=12 отказов=0 расхождение=0.0
09-19 00:35:26.635 (+186.9) аим: память кадр=11129 объект=1 отклик=0 записей=27 отказов=0 расхождение=0.0
09-19 00:35:26.887 (+187.2) аим: память кадр=11144 объект=1 отклик=0 записей=28 отказов=0 расхождение=0.0
09-19 00:35:27.139 (+187.4) аим: память кадр=11159 объект=0 отклик=0 записей=0 отказов=0 расхождение=0.0
09-19 00:35:27.391 (+187.7) аим: память кадр=11174 объект=0 отклик=0 записей=0 отказов=0 расхождение=0.0
09-19 00:35:27.646 (+188.0) аим: память кадр=11189 объект=1 отклик=0 записей=15 отказов=0 расхождение=0.0
09-19 00:35:27.898 (+188.2) аим: память кадр=11204 объект=1 отклик=0 записей=30 отказов=0 расхождение=0.0
09-19 00:35:28.154 (+188.5) аим: память кадр=11219 объект=0 отклик=0 записей=0 отказов=0 расхождение=0.0
09-19 00:35:28.398 (+188.7) аим: память кадр=11234 объект=0 отклик=0 записей=0 отказов=0 расхождение=0.0
09-19 00:35:28.650 (+189.0) аим: память кадр=11249 объект=0 отклик=0 записей=0 отказов=0 расхождение=0.0
09-19 00:35:28.901 (+189.2) аим: память кадр=11264 объект=0 отклик=0 записей=0 отказов=0 расхождение=0.0
09-19 00:35:29.153 (+189.5) аим: память кадр=11279 объект=0 отклик=0 записей=0 отказов=0 расхождение=0.0
09-19 00:35:29.404 (+189.7) аим: память кадр=11294 объект=0 отклик=0 записей=0 отказов=0 расхождение=0.0
09-19 00:35:29.656 (+190.0) аим: память кадр=11309 объект=0 отклик=0 записей=0 отказов=0 расхождение=0.0
09-19 00:35:29.908 (+190.2) аим: память кадр=11324 объект=0 отклик=0 записей=0 отказов=0 расхождение=0.0
09-19 00:35:30.159 (+190.5) аим: память кадр=11339 объект=0 отклик=0 записей=0 отказов=0 расхождение=0.0
09-19 00:35:30.413 (+190.7) аим: память кадр=11353 объект=0 отклик=0 записей=0 отказов=0 расхождение=0.0
09-19 00:35:30.663 (+191.0) аим: память кадр=11368 объект=0 отклик=0 записей=0 отказов=0 расхождение=0.0
09-19 00:35:30.918 (+191.2) аим: память кадр=11383 объект=0 отклик=0 записей=0 отказов=0 расхождение=0.0
09-19 00:35:31.171 (+191.5) аим: память кадр=11398 объект=0 отклик=0 записей=0 отказов=0 расхождение=0.0
09-19 00:35:31.423 (+191.7) аим: память кадр=11413 объект=0 отклик=0 записей=0 отказов=0 расхождение=0.0
09-19 00:35:31.672 (+192.0) аим: память кадр=11428 объект=0 отклик=0 записей=0 отказов=0 расхождение=0.0
09-19 00:35:31.706 (+192.0) память: MouseLook=0x6f756700a0 углы=(10.57, -47.32) чувствительность=0.100 инверсия=0 гироскоп=1
09-19 00:35:31.923 (+192.2) аим: память кадр=11443 объект=1 отклик=0 записей=11 отказов=0 расхождение=0.0
09-19 00:35:32.176 (+192.5) аим: память кадр=11458 объект=1 отклик=0 записей=26 отказов=0 расхождение=0.0
09-19 00:35:32.424 (+192.7) аим: память кадр=11473 объект=1 отклик=0 записей=41 отказов=0 расхождение=0.0
09-19 00:35:32.680 (+193.0) аим: память кадр=11488 объект=1 отклик=0 записей=53 отказов=0 расхождение=0.0
09-19 00:35:32.928 (+193.2) аим: память кадр=11503 объект=1 отклик=0 записей=2 отказов=0 расхождение=0.0
09-19 00:35:33.182 (+193.5) аим: память кадр=11518 объект=1 отклик=0 записей=17 отказов=0 расхождение=0.0
09-19 00:35:33.433 (+193.7) аим: память кадр=11533 объект=1 отклик=0 записей=32 отказов=0 расхождение=0.0
09-19 00:35:33.682 (+194.0) аим: память кадр=11548 объект=1 отклик=0 записей=42 отказов=0 расхождение=0.0
09-19 00:35:33.936 (+194.2) аим: память кадр=11563 объект=0 отклик=0 записей=0 отказов=0 расхождение=0.0
09-19 00:35:34.188 (+194.5) аим: память кадр=11578 объект=0 отклик=0 записей=0 отказов=0 расхождение=0.0
09-19 00:35:34.439 (+194.7) аим: память кадр=11593 объект=0 отклик=0 записей=0 отказов=0 расхождение=0.0
09-19 00:35:34.691 (+195.0) аим: память кадр=11608 объект=0 отклик=0 записей=0 отказов=0 расхождение=0.0
09-19 00:35:34.942 (+195.2) аим: память кадр=11623 объект=0 отклик=0 записей=0 отказов=0 расхождение=0.0
09-19 00:35:35.194 (+195.5) аим: память кадр=11638 объект=1 отклик=0 записей=9 отказов=0 расхождение=0.0
09-19 00:35:35.446 (+195.8) аим: память кадр=11653 объект=1 отклик=0 записей=24 отказов=0 расхождение=0.0
09-19 00:35:35.697 (+196.0) аим: память кадр=11668 объект=0 отклик=0 записей=0 отказов=0 расхождение=0.0
09-19 00:35:35.953 (+196.3) аим: память кадр=11683 объект=0 отклик=0 записей=0 отказов=0 расхождение=0.0
09-19 00:35:36.200 (+196.5) аим: память кадр=11698 объект=0 отклик=0 записей=0 отказов=0 расхождение=0.0
09-19 00:35:36.453 (+196.8) аим: память кадр=11713 объект=0 отклик=0 записей=0 отказов=0 расхождение=0.0
09-19 00:35:36.705 (+197.0) аим: память кадр=11728 объект=0 отклик=0 записей=0 отказов=0 расхождение=0.0
09-19 00:35:36.958 (+197.3) аим: память кадр=11743 объект=0 отклик=0 записей=0 отказов=0 расхождение=0.0
09-19 00:35:37.205 (+197.5) аим: память кадр=11758 объект=0 отклик=0 записей=0 отказов=0 расхождение=0.0
09-19 00:35:37.459 (+197.8) аим: память кадр=11773 объект=0 отклик=0 записей=0 отказов=0 расхождение=0.0
09-19 00:35:37.711 (+198.0) аим: память кадр=11788 объект=0 отклик=0 записей=0 отказов=0 расхождение=0.0
09-19 00:35:37.963 (+198.3) аим: память кадр=11803 объект=0 отклик=0 записей=0 отказов=0 расхождение=0.0
09-19 00:35:38.214 (+198.5) аим: память кадр=11818 объект=0 отклик=0 записей=0 отказов=0 расхождение=0.0
09-19 00:35:38.466 (+198.8) аим: память кадр=11833 объект=1 отклик=0 записей=4 отказов=0 расхождение=0.0
09-19 00:35:38.718 (+199.0) аим: память кадр=11848 объект=1 отклик=0 записей=19 отказов=0 расхождение=0.0
09-19 00:35:38.975 (+199.3) аим: память кадр=11863 объект=1 отклик=0 записей=34 отказов=0 расхождение=0.0
09-19 00:35:39.221 (+199.5) аим: память кадр=11878 объект=0 отклик=0 записей=0 отказов=0 расхождение=0.0
09-19 00:35:39.473 (+199.8) аим: память кадр=11893 объект=0 отклик=0 записей=0 отказов=0 расхождение=0.0
09-19 00:35:39.723 (+200.0) аим: память кадр=11908 объект=0 отклик=0 записей=0 отказов=0 расхождение=0.0
09-19 00:35:39.976 (+200.3) аим: память кадр=11923 объект=0 отклик=0 записей=0 отказов=0 расхождение=0.0
09-19 00:35:40.227 (+200.5) аим: память кадр=11938 объект=0 отклик=0 записей=0 отказов=0 расхождение=0.0
09-19 00:35:40.480 (+200.8) аим: память кадр=11953 объект=0 отклик=0 записей=0 отказов=0 расхождение=0.0
09-19 00:35:40.731 (+201.0) аим: память кадр=11968 объект=0 отклик=0 записей=0 отказов=0 расхождение=0.0
09-19 00:35:40.983 (+201.3) аим: память кадр=11983 объект=0 отклик=0 записей=0 отказов=0 расхождение=0.0
09-19 00:35:41.236 (+201.5) аим: память кадр=11998 объект=0 отклик=0 записей=0 отказов=0 расхождение=0.0
09-19 00:35:41.487 (+201.8) аим: память кадр=12013 объект=0 отклик=0 записей=0 отказов=0 расхождение=0.0
09-19 00:35:41.740 (+202.0) аим: память кадр=12028 объект=0 отклик=0 записей=0 отказов=0 расхождение=0.0
09-19 00:35:41.991 (+202.3) аим: память кадр=12043 объект=0 отклик=0 записей=0 отказов=0 расхождение=0.0
09-19 00:35:42.242 (+202.5) аим: память кадр=12058 объект=0 отклик=0 записей=0 отказов=0 расхождение=0.0
09-19 00:35:42.494 (+202.8) аим: память кадр=12073 объект=0 отклик=0 записей=0 отказов=0 расхождение=0.0
09-19 00:35:42.745 (+203.1) аим: память кадр=12088 объект=1 отклик=0 записей=3 отказов=0 расхождение=0.0
09-19 00:35:42.997 (+203.3) аим: память кадр=12103 объект=1 отклик=0 записей=18 отказов=0 расхождение=0.0
09-19 00:35:43.248 (+203.6) аим: память кадр=12118 объект=1 отклик=0 записей=33 отказов=0 расхождение=0.0
09-19 00:35:43.500 (+203.8) аим: память кадр=12133 объект=1 отклик=0 записей=48 отказов=0 расхождение=0.0
09-19 00:35:43.752 (+204.1) аим: память кадр=12148 объект=1 отклик=0 записей=63 отказов=0 расхождение=0.0
09-19 00:35:44.003 (+204.3) аим: память кадр=12163 объект=0 отклик=0 записей=0 отказов=0 расхождение=0.0
09-19 00:35:44.255 (+204.6) аим: память кадр=12178 объект=0 отклик=0 записей=0 отказов=0 расхождение=0.0
09-19 00:35:44.507 (+204.8) аим: память кадр=12193 объект=0 отклик=0 записей=0 отказов=0 расхождение=0.0
09-19 00:35:44.758 (+205.1) аим: память кадр=12208 объект=0 отклик=0 записей=0 отказов=0 расхождение=0.0
09-19 00:35:45.010 (+205.3) аим: память кадр=12223 объект=0 отклик=0 записей=0 отказов=0 расхождение=0.0
09-19 00:35:45.262 (+205.6) аим: память кадр=12238 объект=0 отклик=0 записей=0 отказов=0 расхождение=0.0
09-19 00:35:45.513 (+205.8) аим: память кадр=12253 объект=0 отклик=0 записей=0 отказов=0 расхождение=0.0
09-19 00:35:45.764 (+206.1) аим: память кадр=12268 объект=1 отклик=0 записей=15 отказов=0 расхождение=0.0
09-19 00:35:46.017 (+206.3) аим: память кадр=12283 объект=1 отклик=0 записей=30 отказов=0 расхождение=0.0
09-19 00:35:46.268 (+206.6) аим: память кадр=12298 объект=1 отклик=0 записей=45 отказов=0 расхождение=0.0
09-19 00:35:46.519 (+206.8) аим: память кадр=12313 объект=0 отклик=0 записей=0 отказов=0 расхождение=0.0
09-19 00:35:46.771 (+207.1) аим: память кадр=12328 объект=0 отклик=0 записей=0 отказов=0 расхождение=0.0
09-19 00:35:47.022 (+207.3) аим: память кадр=12343 объект=0 отклик=0 записей=0 отказов=0 расхождение=0.0
09-19 00:35:47.274 (+207.6) аим: память кадр=12358 объект=0 отклик=0 записей=0 отказов=0 расхождение=0.0
09-19 00:35:47.524 (+207.8) аим: память кадр=12373 объект=1 отклик=0 записей=4 отказов=0 расхождение=0.0
09-19 00:35:47.778 (+208.1) аим: память кадр=12388 объект=1 отклик=0 записей=19 отказов=0 расхождение=0.0
09-19 00:35:48.029 (+208.3) аим: память кадр=12403 объект=1 отклик=0 записей=33 отказов=0 расхождение=0.0
09-19 00:35:48.281 (+208.6) аим: память кадр=12418 объект=0 отклик=0 записей=0 отказов=0 расхождение=0.0
09-19 00:35:48.532 (+208.8) аим: память кадр=12433 объект=0 отклик=0 записей=0 отказов=0 расхождение=0.0
09-19 00:35:48.785 (+209.1) аим: память кадр=12448 объект=0 отклик=0 записей=0 отказов=0 расхождение=0.0
09-19 00:35:49.036 (+209.3) аим: память кадр=12463 объект=1 отклик=0 записей=7 отказов=0 расхождение=0.0
09-19 00:35:49.287 (+209.6) аим: память кадр=12478 объект=1 отклик=0 записей=22 отказов=0 расхождение=0.0
09-19 00:35:49.539 (+209.8) аим: память кадр=12493 объект=0 отклик=0 записей=0 отказов=0 расхождение=0.0
09-19 00:35:49.791 (+210.1) аим: память кадр=12508 объект=0 отклик=0 записей=0 отказов=0 расхождение=0.0
09-19 00:35:50.043 (+210.4) аим: память кадр=12523 объект=0 отклик=0 записей=0 отказов=0 расхождение=0.0
09-19 00:35:50.297 (+210.6) аим: память кадр=12538 объект=0 отклик=0 записей=0 отказов=0 расхождение=0.0
09-19 00:35:50.548 (+210.9) аим: память кадр=12553 объект=1 отклик=0 записей=5 отказов=0 расхождение=0.0
09-19 00:35:50.799 (+211.1) аим: память кадр=12568 объект=1 отклик=0 записей=20 отказов=0 расхождение=0.0
09-19 00:35:51.051 (+211.4) аим: память кадр=12583 объект=1 отклик=0 записей=33 отказов=0 расхождение=0.0
09-19 00:35:51.302 (+211.6) аим: память кадр=12598 объект=1 отклик=0 записей=47 отказов=0 расхождение=0.0
09-19 00:35:51.553 (+211.9) аим: память кадр=12613 объект=0 отклик=0 записей=0 отказов=0 расхождение=0.0
09-19 00:35:51.805 (+212.1) аим: память кадр=12628 объект=0 отклик=0 записей=0 отказов=0 расхождение=0.0
09-19 00:35:52.057 (+212.4) аим: память кадр=12643 объект=1 отклик=0 записей=5 отказов=0 расхождение=0.0
09-19 00:35:52.309 (+212.6) аим: память кадр=12658 объект=1 отклик=0 записей=19 отказов=0 расхождение=0.0
09-19 00:35:52.560 (+212.9) аим: память кадр=12673 объект=1 отклик=0 записей=34 отказов=0 расхождение=0.0
09-19 00:35:52.812 (+213.1) аим: память кадр=12688 объект=1 отклик=0 записей=48 отказов=0 расхождение=0.0
09-19 00:35:53.065 (+213.4) аим: память кадр=12703 объект=0 отклик=0 записей=0 отказов=0 расхождение=0.0
09-19 00:35:53.315 (+213.6) аим: память кадр=12718 объект=1 отклик=0 записей=0 отказов=0 расхождение=0.0
09-19 00:35:53.567 (+213.9) аим: память кадр=12733 объект=1 отклик=0 записей=0 отказов=0 расхождение=0.0
09-19 00:35:53.819 (+214.1) аим: память кадр=12748 объект=1 отклик=0 записей=12 отказов=0 расхождение=0.0
09-19 00:35:54.070 (+214.4) аим: память кадр=12763 объект=1 отклик=0 записей=27 отказов=0 расхождение=0.0
09-19 00:35:54.321 (+214.6) аим: память кадр=12778 объект=1 отклик=0 записей=42 отказов=0 расхождение=0.0
09-19 00:35:54.574 (+214.9) аим: память кадр=12793 объект=0 отклик=0 записей=0 отказов=0 расхождение=0.0
09-19 00:35:54.827 (+215.1) аим: память кадр=12808 объект=0 отклик=0 записей=0 отказов=0 расхождение=0.0
09-19 00:35:55.078 (+215.4) аим: память кадр=12823 объект=0 отклик=0 записей=0 отказов=0 расхождение=0.0
09-19 00:35:55.329 (+215.6) аим: память кадр=12838 объект=0 отклик=0 записей=0 отказов=0 расхождение=0.0
09-19 00:35:55.580 (+215.9) аим: память кадр=12853 объект=0 отклик=0 записей=0 отказов=0 расхождение=0.0
09-19 00:35:55.835 (+216.1) аим: память кадр=12868 объект=0 отклик=0 записей=0 отказов=0 расхождение=0.0
09-19 00:35:56.085 (+216.4) аим: память кадр=12883 объект=0 отклик=0 записей=0 отказов=0 расхождение=0.0
09-19 00:35:56.336 (+216.6) аим: память кадр=12898 объект=0 отклик=0 записей=0 отказов=0 расхождение=0.0
09-19 00:35:56.589 (+216.9) аим: память кадр=12913 объект=0 отклик=0 записей=0 отказов=0 расхождение=0.0
09-19 00:35:56.839 (+217.1) аим: память кадр=12928 объект=0 отклик=0 записей=0 отказов=0 расхождение=0.0
09-19 00:35:57.091 (+217.4) аим: память кадр=12943 объект=0 отклик=0 записей=0 отказов=0 расхождение=0.0
09-19 00:35:57.344 (+217.7) аим: память кадр=12958 объект=0 отклик=0 записей=0 отказов=0 расхождение=0.0
09-19 00:35:57.594 (+217.9) аим: память кадр=12973 объект=0 отклик=0 записей=0 отказов=0 расхождение=0.0
09-19 00:35:57.846 (+218.2) аим: память кадр=12988 объект=0 отклик=0 записей=0 отказов=0 расхождение=0.0
09-19 00:35:58.098 (+218.4) аим: память кадр=13003 объект=0 отклик=0 записей=0 отказов=0 расхождение=0.0
09-19 00:35:58.270 (+218.6) аим: выбран режим 0 (Тач), аим включён
09-19 00:35:58.804 (+219.1) аим: выбран режим 1 (Память), аим включён
09-19 00:35:58.853 (+219.2) аим: память кадр=13048 объект=0 отклик=0 записей=0 отказов=0 расхождение=0.0
09-19 00:35:59.105 (+219.4) аим: память кадр=13063 объект=0 отклик=0 записей=0 отказов=0 расхождение=0.0
09-19 00:35:59.357 (+219.7) аим: память кадр=13078 объект=0 отклик=0 записей=0 отказов=0 расхождение=0.0
09-19 00:35:59.609 (+219.9) аим: память кадр=13093 объект=0 отклик=0 записей=0 отказов=0 расхождение=0.0
09-19 00:35:59.858 (+220.2) аим: память кадр=13108 объект=0 отклик=0 записей=0 отказов=0 расхождение=0.0
09-19 00:36:00.112 (+220.4) аим: память кадр=13123 объект=0 отклик=0 записей=0 отказов=0 расхождение=0.0
09-19 00:36:00.369 (+220.7) аим: память кадр=13138 объект=0 отклик=0 записей=0 отказов=0 расхождение=0.0
09-19 00:36:00.618 (+220.9) аим: память кадр=13153 объект=0 отклик=0 записей=0 отказов=0 расхождение=0.0
09-19 00:36:00.866 (+221.2) аим: память кадр=13168 объект=0 отклик=0 записей=0 отказов=0 расхождение=0.0
09-19 00:36:01.121 (+221.4) аим: память кадр=13183 объект=0 отклик=0 записей=0 отказов=0 расхождение=0.0
09-19 00:36:01.363 (+221.7) фрикам: перебор — трансформ 0x70e08ad270, из компонента 0x0, кандидатов 8, позиций 0, ближайшее -1.0 м
09-19 00:36:01.363 (+221.7) фрикам: не включён — массивы Transform не читаются (0x70e08ad270)
09-19 00:36:01.376 (+221.7) аим: память кадр=13198 объект=0 отклик=0 записей=0 отказов=0 расхождение=0.0
09-19 00:36:01.626 (+221.9) аим: память кадр=13213 объект=0 отклик=0 записей=0 отказов=0 расхождение=0.0
09-19 00:36:01.880 (+222.2) аим: память кадр=13228 объект=0 отклик=0 записей=0 отказов=0 расхождение=0.0
09-19 00:36:02.130 (+222.4) аим: память кадр=13243 объект=0 отклик=0 записей=0 отказов=0 расхождение=0.0
09-19 00:36:02.380 (+222.7) аим: память кадр=13258 объект=0 отклик=0 записей=0 отказов=0 расхождение=0.0
09-19 00:36:02.634 (+222.9) аим: память кадр=13273 объект=0 отклик=0 записей=0 отказов=0 расхождение=0.0
09-19 00:36:02.885 (+223.2) аим: память кадр=13288 объект=0 отклик=0 записей=0 отказов=0 расхождение=0.0
09-19 00:36:03.137 (+223.4) аим: память кадр=13303 объект=0 отклик=0 записей=0 отказов=0 расхождение=0.0
09-19 00:36:03.374 (+223.7) фрикам: перебор — трансформ 0x70e08ad270, из компонента 0x0, кандидатов 8, позиций 0, ближайшее -1.0 м
09-19 00:36:03.374 (+223.7) фрикам: не включён — массивы Transform не читаются (0x70e08ad270)
09-19 00:36:03.389 (+223.7) аим: память кадр=13318 объект=0 отклик=0 записей=0 отказов=0 расхождение=0.0
09-19 00:36:03.640 (+223.9) аим: память кадр=13333 объект=0 отклик=0 записей=0 отказов=0 расхождение=0.0
09-19 00:36:03.892 (+224.2) аим: память кадр=13348 объект=0 отклик=0 записей=0 отказов=0 расхождение=0.0
09-19 00:36:04.143 (+224.5) аим: память кадр=13363 объект=0 отклик=0 записей=0 отказов=0 расхождение=0.0
09-19 00:36:04.394 (+224.7) аим: память кадр=13378 объект=0 отклик=0 записей=0 отказов=0 расхождение=0.0
09-19 00:36:04.646 (+225.0) аим: память кадр=13393 объект=0 отклик=0 записей=0 отказов=0 расхождение=0.0
09-19 00:36:04.901 (+225.2) аим: память кадр=13408 объект=0 отклик=0 записей=0 отказов=0 расхождение=0.0
09-19 00:36:05.147 (+225.5) аим: память кадр=13423 объект=0 отклик=0 записей=0 отказов=0 расхождение=0.0
09-19 00:36:05.384 (+225.7) фрикам: перебор — трансформ 0x70e08ad270, из компонента 0x0, кандидатов 8, позиций 0, ближайшее -1.0 м
09-19 00:36:05.384 (+225.7) фрикам: не включён — массивы Transform не читаются (0x70e08ad270)
09-19 00:36:05.399 (+225.7) аим: память кадр=13438 объект=0 отклик=0 записей=0 отказов=0 расхождение=0.0
09-19 00:36:05.651 (+226.0) аим: память кадр=13453 объект=0 отклик=0 записей=0 отказов=0 расхождение=0.0
09-19 00:36:05.907 (+226.2) аим: память кадр=13468 объект=0 отклик=0 записей=0 отказов=0 расхождение=0.0
09-19 00:36:06.159 (+226.5) аим: память кадр=13483 объект=0 отклик=0 записей=0 отказов=0 расхождение=0.0
09-19 00:36:06.417 (+226.7) аим: память кадр=13498 объект=0 отклик=0 записей=0 отказов=0 расхождение=0.0
09-19 00:36:06.663 (+227.0) аим: память кадр=13513 объект=0 отклик=0 записей=0 отказов=0 расхождение=0.0
09-19 00:36:06.916 (+227.2) аим: память кадр=13528 объект=0 отклик=0 записей=0 отказов=0 расхождение=0.0
09-19 00:36:07.176 (+227.5) аим: память кадр=13542 объект=0 отклик=0 записей=0 отказов=0 расхождение=0.0
09-19 00:36:07.411 (+227.7) фрикам: перебор — трансформ 0x70e08ad270, из компонента 0x0, кандидатов 8, позиций 0, ближайшее -1.0 м
09-19 00:36:07.411 (+227.7) фрикам: не включён — массивы Transform не читаются (0x70e08ad270)
09-19 00:36:07.427 (+227.7) аим: память кадр=13557 объект=0 отклик=0 записей=0 отказов=0 расхождение=0.0
09-19 00:36:07.679 (+228.0) аим: память кадр=13572 объект=0 отклик=0 записей=0 отказов=0 расхождение=0.0
09-19 00:36:07.930 (+228.2) аим: память кадр=13587 объект=0 отклик=0 записей=0 отказов=0 расхождение=0.0
09-19 00:36:08.181 (+228.5) аим: память кадр=13602 объект=0 отклик=0 записей=0 отказов=0 расхождение=0.0
09-19 00:36:08.433 (+228.7) аим: память кадр=13617 объект=0 отклик=0 записей=0 отказов=0 расхождение=0.0
09-19 00:36:08.686 (+229.0) аим: память кадр=13632 объект=0 отклик=0 записей=0 отказов=0 расхождение=0.0
09-19 00:36:08.938 (+229.2) аим: память кадр=13647 объект=0 отклик=0 записей=0 отказов=0 расхождение=0.0
09-19 00:36:09.189 (+229.5) аим: память кадр=13662 объект=0 отклик=0 записей=0 отказов=0 расхождение=0.0
09-19 00:36:09.426 (+229.7) фрикам: перебор — трансформ 0x70e08ad270, из компонента 0x0, кандидатов 8, позиций 0, ближайшее -1.0 м
09-19 00:36:09.426 (+229.7) фрикам: не включён — массивы Transform не читаются (0x70e08ad270)
09-19 00:36:09.442 (+229.7) аим: память кадр=13677 объект=0 отклик=0 записей=0 отказов=0 расхождение=0.0
09-19 00:36:09.692 (+230.0) аим: память кадр=13692 объект=0 отклик=0 записей=0 отказов=0 расхождение=0.0
09-19 00:36:09.943 (+230.3) аим: память кадр=13707 объект=0 отклик=0 записей=0 отказов=0 расхождение=0.0
09-19 00:36:10.195 (+230.5) аим: память кадр=13722 объект=0 отклик=0 записей=0 отказов=0 расхождение=0.0
09-19 00:36:10.447 (+230.8) аим: память кадр=13737 объект=0 отклик=0 записей=0 отказов=0 расхождение=0.0
09-19 00:36:10.698 (+231.0) аим: память кадр=13752 объект=0 отклик=0 записей=0 отказов=0 расхождение=0.0
09-19 00:36:10.950 (+231.3) аим: память кадр=13767 объект=0 отклик=0 записей=0 отказов=0 расхождение=0.0
09-19 00:36:11.204 (+231.5) аим: память кадр=13782 объект=0 отклик=0 записей=0 отказов=0 расхождение=0.0
09-19 00:36:11.439 (+231.7) фрикам: перебор — трансформ 0x70e08ad270, из компонента 0x0, кандидатов 8, позиций 0, ближайшее -1.0 м
09-19 00:36:11.439 (+231.7) фрикам: не включён — массивы Transform не читаются (0x70e08ad270)
09-19 00:36:11.455 (+231.8) аим: память кадр=13797 объект=0 отклик=0 записей=0 отказов=0 расхождение=0.0
09-19 00:36:11.706 (+232.0) аим: память кадр=13812 объект=0 отклик=0 записей=0 отказов=0 расхождение=0.0
09-19 00:36:11.957 (+232.3) аим: память кадр=13827 объект=0 отклик=0 записей=0 отказов=0 расхождение=0.0
09-19 00:36:12.210 (+232.5) аим: память кадр=13842 объект=0 отклик=0 записей=0 отказов=0 расхождение=0.0
09-19 00:36:12.460 (+232.8) аим: память кадр=13857 объект=0 отклик=0 записей=0 отказов=0 расхождение=0.0
09-19 00:36:12.712 (+233.0) аим: память кадр=13872 объект=0 отклик=0 записей=0 отказов=0 расхождение=0.0
09-19 00:36:12.965 (+233.3) аим: память кадр=13887 объект=0 отклик=0 записей=0 отказов=0 расхождение=0.0
09-19 00:36:13.216 (+233.5) аим: память кадр=13902 объект=0 отклик=0 записей=0 отказов=0 расхождение=0.0
09-19 00:36:13.453 (+233.8) фрикам: перебор — трансформ 0x70e08ad270, из компонента 0x0, кандидатов 8, позиций 0, ближайшее -1.0 м
09-19 00:36:13.453 (+233.8) фрикам: не включён — массивы Transform не читаются (0x70e08ad270)
09-19 00:36:13.468 (+233.8) аим: память кадр=13917 объект=0 отклик=0 записей=0 отказов=0 расхождение=0.0
09-19 00:36:13.720 (+234.0) аим: память кадр=13932 объект=0 отклик=0 записей=0 отказов=0 расхождение=0.0
09-19 00:36:13.971 (+234.3) аим: память кадр=13947 объект=0 отклик=0 записей=0 отказов=0 расхождение=0.0
09-19 00:36:14.223 (+234.5) аим: память кадр=13962 объект=0 отклик=0 записей=0 отказов=0 расхождение=0.0
09-19 00:36:14.475 (+234.8) аим: память кадр=13977 объект=0 отклик=0 записей=0 отказов=0 расхождение=0.0
09-19 00:36:14.726 (+235.0) аим: память кадр=13992 объект=0 отклик=0 записей=0 отказов=0 расхождение=0.0
09-19 00:36:14.979 (+235.3) аим: память кадр=14007 объект=0 отклик=0 записей=0 отказов=0 расхождение=0.0
09-19 00:36:15.231 (+235.5) аим: память кадр=14022 объект=0 отклик=0 записей=0 отказов=0 расхождение=0.0
09-19 00:36:15.467 (+235.8) фрикам: перебор — трансформ 0x70e08ad270, из компонента 0x0, кандидатов 8, позиций 0, ближайшее -1.0 м
09-19 00:36:15.467 (+235.8) фрикам: не включён — массивы Transform не читаются (0x70e08ad270)
09-19 00:36:15.482 (+235.8) аим: память кадр=14037 объект=0 отклик=0 записей=0 отказов=0 расхождение=0.0
09-19 00:36:15.734 (+236.0) аим: память кадр=14052 объект=0 отклик=0 записей=0 отказов=0 расхождение=0.0
09-19 00:36:15.987 (+236.3) аим: память кадр=14067 объект=0 отклик=0 записей=0 отказов=0 расхождение=0.0
09-19 00:36:16.238 (+236.5) аим: память кадр=14082 объект=0 отклик=0 записей=0 отказов=0 расхождение=0.0
09-19 00:36:16.490 (+236.8) аим: память кадр=14097 объект=0 отклик=0 записей=0 отказов=0 расхождение=0.0
09-19 00:36:16.741 (+237.0) аим: память кадр=14112 объект=0 отклик=0 записей=0 отказов=0 расхождение=0.0
09-19 00:36:16.993 (+237.3) аим: память кадр=14127 объект=0 отклик=0 записей=0 отказов=0 расхождение=0.0
09-19 00:36:17.245 (+237.6) аим: память кадр=14142 объект=0 отклик=0 записей=0 отказов=0 расхождение=0.0
09-19 00:36:17.478 (+237.8) фрикам: перебор — трансформ 0x70e08ad270, из компонента 0x0, кандидатов 8, позиций 0, ближайшее -1.0 м
09-19 00:36:17.478 (+237.8) фрикам: не включён — массивы Transform не читаются (0x70e08ad270)
09-19 00:36:17.496 (+237.8) аим: память кадр=14157 объект=0 отклик=0 записей=0 отказов=0 расхождение=0.0
09-19 00:36:17.747 (+238.1) аим: память кадр=14172 объект=0 отклик=0 записей=0 отказов=0 расхождение=0.0
09-19 00:36:17.999 (+238.3) аим: память кадр=14187 объект=0 отклик=0 записей=0 отказов=0 расхождение=0.0
09-19 00:36:18.251 (+238.6) аим: память кадр=14202 объект=0 отклик=0 записей=0 отказов=0 расхождение=0.0
09-19 00:36:18.503 (+238.8) аим: память кадр=14217 объект=0 отклик=0 записей=0 отказов=0 расхождение=0.0
09-19 00:36:18.754 (+239.1) аим: память кадр=14232 объект=0 отклик=0 записей=0 отказов=0 расхождение=0.0
09-19 00:36:19.006 (+239.3) аим: память кадр=14247 объект=0 отклик=0 записей=0 отказов=0 расхождение=0.0
09-19 00:36:19.257 (+239.6) аим: память кадр=14262 объект=0 отклик=0 записей=0 отказов=0 расхождение=0.0
09-19 00:36:19.493 (+239.8) фрикам: перебор — трансформ 0x70e08ad270, из компонента 0x0, кандидатов 8, позиций 0, ближайшее -1.0 м
09-19 00:36:19.493 (+239.8) фрикам: не включён — массивы Transform не читаются (0x70e08ad270)
09-19 00:36:19.509 (+239.8) аим: память кадр=14277 объект=0 отклик=0 записей=0 отказов=0 расхождение=0.0
09-19 00:36:19.761 (+240.1) аим: память кадр=14292 объект=0 отклик=0 записей=0 отказов=0 расхождение=0.0
09-19 00:36:20.013 (+240.3) аим: память кадр=14307 объект=0 отклик=0 записей=0 отказов=0 расхождение=0.0
09-19 00:36:20.264 (+240.6) аим: память кадр=14322 объект=0 отклик=0 записей=0 отказов=0 расхождение=0.0
09-19 00:36:20.516 (+240.8) аим: память кадр=14337 объект=0 отклик=0 записей=0 отказов=0 расхождение=0.0
09-19 00:36:20.768 (+241.1) аим: память кадр=14352 объект=0 отклик=0 записей=0 отказов=0 расхождение=0.0
09-19 00:36:21.020 (+241.3) аим: память кадр=14367 объект=0 отклик=0 записей=0 отказов=0 расхождение=0.0
09-19 00:36:21.271 (+241.6) аим: память кадр=14382 объект=0 отклик=0 записей=0 отказов=0 расхождение=0.0
09-19 00:36:21.506 (+241.8) фрикам: перебор — трансформ 0x70e08ad270, из компонента 0x0, кандидатов 8, позиций 0, ближайшее -1.0 м
09-19 00:36:21.506 (+241.8) фрикам: не включён — массивы Transform не читаются (0x70e08ad270)
09-19 00:36:21.522 (+241.8) аим: память кадр=14397 объект=0 отклик=0 записей=0 отказов=0 расхождение=0.0
09-19 00:36:21.608 (+241.9) память: MouseLook=0x6f75846aa0 углы=(-2.62, 129.77) чувствительность=0.100 инверсия=0 гироскоп=1
09-19 00:36:21.776 (+242.1) аим: память кадр=14412 объект=1 отклик=0 записей=10 отказов=0 расхождение=0.0
09-19 00:36:22.029 (+242.3) аим: память кадр=14427 объект=1 отклик=0 записей=25 отказов=0 расхождение=0.0
09-19 00:36:22.281 (+242.6) аим: память кадр=14442 объект=1 отклик=0 записей=39 отказов=0 расхождение=0.0
09-19 00:36:22.532 (+242.8) аим: память кадр=14457 объект=0 отклик=0 записей=0 отказов=0 расхождение=0.0
09-19 00:36:22.790 (+243.1) аим: память кадр=14472 объект=0 отклик=0 записей=0 отказов=0 расхождение=0.0
09-19 00:36:23.038 (+243.3) аим: память кадр=14487 объект=0 отклик=0 записей=0 отказов=0 расхождение=0.0
09-19 00:36:23.290 (+243.6) аим: память кадр=14502 объект=0 отклик=0 записей=0 отказов=0 расхождение=0.0
09-19 00:36:23.544 (+243.9) аим: память кадр=14517 объект=0 отклик=0 записей=0 отказов=0 расхождение=0.0
09-19 00:36:23.794 (+244.1) аим: память кадр=14532 объект=0 отклик=0 записей=0 отказов=0 расхождение=0.0
09-19 00:36:24.045 (+244.4) аим: память кадр=14547 объект=1 отклик=0 записей=8 отказов=0 расхождение=0.0
09-19 00:36:24.297 (+244.6) аим: память кадр=14562 объект=1 отклик=0 записей=23 отказов=0 расхождение=0.0
09-19 00:36:24.549 (+244.9) аим: память кадр=14577 объект=0 отклик=0 записей=0 отказов=0 расхождение=0.0
09-19 00:36:24.803 (+245.1) аим: память кадр=14592 объект=0 отклик=0 записей=0 отказов=0 расхождение=0.0
09-19 00:36:25.049 (+245.4) аим: память кадр=14607 объект=0 отклик=0 записей=0 отказов=0 расхождение=0.0
09-19 00:36:25.301 (+245.6) аим: память кадр=14622 объект=0 отклик=0 записей=0 отказов=0 расхождение=0.0
09-19 00:36:25.553 (+245.9) аим: память кадр=14637 объект=0 отклик=0 записей=0 отказов=0 расхождение=0.0
09-19 00:36:25.804 (+246.1) аим: память кадр=14652 объект=0 отклик=0 записей=0 отказов=0 расхождение=0.0
09-19 00:36:26.056 (+246.4) аим: память кадр=14667 объект=0 отклик=0 записей=0 отказов=0 расхождение=0.0
09-19 00:36:26.308 (+246.6) аим: память кадр=14682 объект=0 отклик=0 записей=0 отказов=0 расхождение=0.0
09-19 00:36:26.559 (+246.9) аим: память кадр=14697 объект=0 отклик=0 записей=0 отказов=0 расхождение=0.0
09-19 00:36:26.824 (+247.1) аим: память кадр=14712 объект=0 отклик=0 записей=0 отказов=0 расхождение=0.0
09-19 00:36:27.077 (+247.4) аим: память кадр=14727 объект=0 отклик=0 записей=0 отказов=0 расхождение=0.0
09-19 00:36:27.328 (+247.6) аим: память кадр=14742 объект=0 отклик=0 записей=0 отказов=0 расхождение=0.0
09-19 00:36:27.581 (+247.9) аим: память кадр=14757 объект=0 отклик=0 записей=0 отказов=0 расхождение=0.0
09-19 00:36:27.833 (+248.1) аим: память кадр=14772 объект=0 отклик=0 записей=0 отказов=0 расхождение=0.0
09-19 00:36:28.084 (+248.4) аим: память кадр=14787 объект=0 отклик=0 записей=0 отказов=0 расхождение=0.0
09-19 00:36:28.337 (+248.6) аим: память кадр=14802 объект=0 отклик=0 записей=0 отказов=0 расхождение=0.0
09-19 00:36:28.587 (+248.9) аим: память кадр=14817 объект=0 отклик=0 записей=0 отказов=0 расхождение=0.0
09-19 00:36:28.839 (+249.1) аим: память кадр=14832 объект=0 отклик=0 записей=0 отказов=0 расхождение=0.0
09-19 00:36:29.007 (+249.3) память: MouseLook=0x727677d500 углы=(-0.04, 123.76) чувствительность=0.100 инверсия=0 гироскоп=1
09-19 00:36:29.090 (+249.4) аим: память кадр=14847 объект=1 отклик=0 записей=4 отказов=0 расхождение=0.0
09-19 00:36:29.342 (+249.6) аим: память кадр=14862 объект=1 отклик=0 записей=19 отказов=0 расхождение=0.0
09-19 00:36:29.594 (+249.9) аим: память кадр=14877 объект=1 отклик=0 записей=34 отказов=0 расхождение=0.0
09-19 00:36:29.845 (+250.2) аим: память кадр=14892 объект=1 отклик=0 записей=49 отказов=0 расхождение=0.0
09-19 00:36:30.095 (+250.4) аим: память кадр=14907 объект=0 отклик=0 записей=0 отказов=0 расхождение=0.0
09-19 00:36:30.349 (+250.7) аим: память кадр=14922 объект=0 отклик=0 записей=0 отказов=0 расхождение=0.0
09-19 00:36:30.600 (+250.9) аим: память кадр=14937 объект=0 отклик=0 записей=0 отказов=0 расхождение=0.0
09-19 00:36:30.852 (+251.2) аим: память кадр=14952 объект=0 отклик=0 записей=0 отказов=0 расхождение=0.0
09-19 00:36:31.104 (+251.4) аим: память кадр=14967 объект=0 отклик=0 записей=0 отказов=0 расхождение=0.0
09-19 00:36:31.355 (+251.7) аим: память кадр=14982 объект=0 отклик=0 записей=0 отказов=0 расхождение=0.0
09-19 00:36:31.607 (+251.9) аим: память кадр=14997 объект=0 отклик=0 записей=0 отказов=0 расхождение=0.0
09-19 00:36:31.858 (+252.2) аим: память кадр=15012 объект=0 отклик=0 записей=0 отказов=0 расхождение=0.0
09-19 00:36:32.110 (+252.4) аим: память кадр=15027 объект=0 отклик=0 записей=0 отказов=0 расхождение=0.0
09-19 00:36:32.360 (+252.7) аим: память кадр=15042 объект=0 отклик=0 записей=0 отказов=0 расхождение=0.0
09-19 00:36:32.614 (+252.9) аим: память кадр=15057 объект=0 отклик=0 записей=0 отказов=0 расхождение=0.0
09-19 00:36:32.865 (+253.2) аим: память кадр=15072 объект=0 отклик=0 записей=0 отказов=0 расхождение=0.0
09-19 00:36:33.117 (+253.4) аим: память кадр=15087 объект=0 отклик=0 записей=0 отказов=0 расхождение=0.0
09-19 00:36:33.368 (+253.7) аим: память кадр=15102 объект=1 отклик=0 записей=0 отказов=0 расхождение=0.0
09-19 00:36:33.620 (+253.9) аим: память кадр=15117 объект=1 отклик=0 записей=0 отказов=0 расхождение=0.0
09-19 00:36:33.871 (+254.2) аим: память кадр=15132 объект=1 отклик=0 записей=0 отказов=0 расхождение=0.0
09-19 00:36:34.122 (+254.4) аим: память кадр=15147 объект=1 отклик=0 записей=0 отказов=0 расхождение=0.0
09-19 00:36:34.375 (+254.7) аим: память кадр=15162 объект=1 отклик=0 записей=0 отказов=0 расхождение=0.0
09-19 00:36:34.627 (+254.9) аим: память кадр=15177 объект=1 отклик=0 записей=0 отказов=0 расхождение=0.0
09-19 00:36:34.875 (+255.2) аим: память кадр=15192 объект=0 отклик=0 записей=0 отказов=0 расхождение=0.0
09-19 00:36:35.129 (+255.4) аим: память кадр=15207 объект=1 отклик=0 записей=0 отказов=0 расхождение=0.0
09-19 00:36:35.380 (+255.7) аим: память кадр=15222 объект=0 отклик=0 записей=0 отказов=0 расхождение=0.0
09-19 00:36:35.633 (+255.9) аим: память кадр=15237 объект=0 отклик=0 записей=0 отказов=0 расхождение=0.0
09-19 00:36:35.885 (+256.2) аим: память кадр=15252 объект=0 отклик=0 записей=0 отказов=0 расхождение=0.0
09-19 00:36:36.137 (+256.4) аим: память кадр=15267 объект=0 отклик=0 записей=0 отказов=0 расхождение=0.0
09-19 00:36:36.389 (+256.7) аим: память кадр=15282 объект=0 отклик=0 записей=0 отказов=0 расхождение=0.0
09-19 00:36:36.638 (+256.9) аим: память кадр=15297 объект=0 отклик=0 записей=0 отказов=0 расхождение=0.0
09-19 00:36:36.890 (+257.2) аим: память кадр=15312 объект=0 отклик=0 записей=0 отказов=0 расхождение=0.0
09-19 00:36:37.141 (+257.4) аим: память кадр=15327 объект=0 отклик=0 записей=0 отказов=0 расхождение=0.0
09-19 00:36:37.392 (+257.7) аим: память кадр=15342 объект=0 отклик=0 записей=0 отказов=0 расхождение=0.0
09-19 00:36:37.644 (+258.0) аим: память кадр=15357 объект=0 отклик=0 записей=0 отказов=0 расхождение=0.0
09-19 00:36:37.897 (+258.2) аим: память кадр=15372 объект=0 отклик=0 записей=0 отказов=0 расхождение=0.0
09-19 00:36:38.149 (+258.5) аим: память кадр=15387 объект=0 отклик=0 записей=0 отказов=0 расхождение=0.0
09-19 00:36:38.401 (+258.7) аим: память кадр=15402 объект=0 отклик=0 записей=0 отказов=0 расхождение=0.0
09-19 00:36:38.654 (+259.0) аим: память кадр=15416 объект=0 отклик=0 записей=0 отказов=0 расхождение=0.0
09-19 00:36:38.909 (+259.2) аим: память кадр=15431 объект=0 отклик=0 записей=0 отказов=0 расхождение=0.0
09-19 00:36:39.161 (+259.5) аим: память кадр=15446 объект=0 отклик=0 записей=0 отказов=0 расхождение=0.0
09-19 00:36:39.410 (+259.7) аим: память кадр=15461 объект=0 отклик=0 записей=0 отказов=0 расхождение=0.0
09-19 00:36:39.664 (+260.0) аим: память кадр=15476 объект=0 отклик=0 записей=0 отказов=0 расхождение=0.0
09-19 00:36:39.920 (+260.2) аим: память кадр=15491 объект=0 отклик=0 записей=0 отказов=0 расхождение=0.0
09-19 00:36:40.168 (+260.5) аим: память кадр=15506 объект=0 отклик=0 записей=0 отказов=0 расхождение=0.0
09-19 00:36:40.421 (+260.7) аим: память кадр=15521 объект=0 отклик=0 записей=0 отказов=0 расхождение=0.0
09-19 00:36:40.672 (+261.0) аим: память кадр=15536 объект=0 отклик=0 записей=0 отказов=0 расхождение=0.0
09-19 00:36:40.925 (+261.2) аим: память кадр=15551 объект=0 отклик=0 записей=0 отказов=0 расхождение=0.0
09-19 00:36:41.065 (+261.4) память: MouseLook=0x6f75f856e0 углы=(2.51, -142.87) чувствительность=0.100 инверсия=0 гироскоп=1
09-19 00:36:41.179 (+261.5) аим: память кадр=15566 объект=1 отклик=0 записей=7 отказов=0 расхождение=0.0
09-19 00:36:41.429 (+261.7) аим: память кадр=15581 объект=0 отклик=0 записей=0 отказов=0 расхождение=0.0
09-19 00:36:41.680 (+262.0) аим: память кадр=15596 объект=0 отклик=0 записей=0 отказов=0 расхождение=0.0
09-19 00:36:41.931 (+262.2) аим: память кадр=15611 объект=0 отклик=0 записей=0 отказов=0 расхождение=0.0
09-19 00:36:42.182 (+262.5) аим: память кадр=15626 объект=0 отклик=0 записей=0 отказов=0 расхождение=0.0
09-19 00:36:42.433 (+262.7) аим: память кадр=15641 объект=0 отклик=0 записей=0 отказов=0 расхождение=0.0
09-19 00:36:42.685 (+263.0) аим: память кадр=15656 объект=0 отклик=0 записей=0 отказов=0 расхождение=0.0
09-19 00:36:42.937 (+263.2) аим: память кадр=15671 объект=0 отклик=0 записей=0 отказов=0 расхождение=0.0
09-19 00:36:43.188 (+263.5) аим: память кадр=15686 объект=0 отклик=0 записей=0 отказов=0 расхождение=0.0
09-19 00:36:43.439 (+263.7) аим: память кадр=15701 объект=0 отклик=0 записей=0 отказов=0 расхождение=0.0
09-19 00:36:43.691 (+264.0) аим: память кадр=15716 объект=1 отклик=0 записей=10 отказов=0 расхождение=0.0
09-19 00:36:43.944 (+264.3) аим: память кадр=15731 объект=1 отклик=0 записей=24 отказов=0 расхождение=0.0
09-19 00:36:44.195 (+264.5) аим: память кадр=15746 объект=1 отклик=0 записей=38 отказов=0 расхождение=0.0
09-19 00:36:44.446 (+264.8) аим: память кадр=15761 объект=1 отклик=0 записей=50 отказов=0 расхождение=0.0
09-19 00:36:44.698 (+265.0) аим: память кадр=15776 объект=1 отклик=0 записей=64 отказов=0 расхождение=0.0
09-19 00:36:44.949 (+265.3) аим: память кадр=15791 объект=0 отклик=0 записей=0 отказов=0 расхождение=0.0
09-19 00:36:45.202 (+265.5) аим: память кадр=15806 объект=0 отклик=0 записей=0 отказов=0 расхождение=0.0
09-19 00:36:45.454 (+265.8) аим: память кадр=15821 объект=1 отклик=0 записей=13 отказов=0 расхождение=0.0
09-19 00:36:45.704 (+266.0) аим: память кадр=15836 объект=1 отклик=0 записей=28 отказов=0 расхождение=0.0
09-19 00:36:45.955 (+266.3) аим: память кадр=15851 объект=1 отклик=0 записей=39 отказов=0 расхождение=0.0
09-19 00:36:46.208 (+266.5) аим: память кадр=15866 объект=1 отклик=0 записей=54 отказов=0 расхождение=0.0
09-19 00:36:46.460 (+266.8) аим: память кадр=15881 объект=0 отклик=0 записей=0 отказов=0 расхождение=0.0
09-19 00:36:46.712 (+267.0) аим: память кадр=15896 объект=0 отклик=0 записей=0 отказов=0 расхождение=0.0
09-19 00:36:46.964 (+267.3) аим: память кадр=15911 объект=0 отклик=0 записей=0 отказов=0 расхождение=0.0
09-19 00:36:47.219 (+267.5) аим: память кадр=15926 объект=0 отклик=0 записей=0 отказов=0 расхождение=0.0
09-19 00:36:47.467 (+267.8) аим: память кадр=15941 объект=0 отклик=0 записей=0 отказов=0 расхождение=0.0
09-19 00:36:47.718 (+268.0) аим: память кадр=15956 объект=0 отклик=0 записей=0 отказов=0 расхождение=0.0
09-19 00:36:47.970 (+268.3) аим: память кадр=15971 объект=0 отклик=0 записей=0 отказов=0 расхождение=0.0
09-19 00:36:48.221 (+268.5) аим: память кадр=15986 объект=1 отклик=0 записей=3 отказов=0 расхождение=0.0
09-19 00:36:48.473 (+268.8) аим: память кадр=16001 объект=1 отклик=0 записей=18 отказов=0 расхождение=0.0
09-19 00:36:48.725 (+269.0) аим: память кадр=16016 объект=1 отклик=0 записей=33 отказов=0 расхождение=0.0
09-19 00:36:48.976 (+269.3) аим: память кадр=16031 объект=1 отклик=0 записей=47 отказов=0 расхождение=0.0
09-19 00:36:49.229 (+269.5) аим: память кадр=16046 объект=0 отклик=0 записей=0 отказов=0 расхождение=0.0
09-19 00:36:49.480 (+269.8) аим: память кадр=16061 объект=0 отклик=0 записей=0 отказов=0 расхождение=0.0
09-19 00:36:49.731 (+270.0) аим: память кадр=16076 объект=0 отклик=0 записей=0 отказов=0 расхождение=0.0
09-19 00:36:49.983 (+270.3) аим: память кадр=16091 объект=0 отклик=0 записей=0 отказов=0 расхождение=0.0
09-19 00:36:50.239 (+270.5) аим: память кадр=16106 объект=0 отклик=0 записей=0 отказов=0 расхождение=0.0
09-19 00:36:50.487 (+270.8) аим: память кадр=16121 объект=0 отклик=0 записей=0 отказов=0 расхождение=0.0
09-19 00:36:50.739 (+271.0) аим: память кадр=16136 объект=0 отклик=0 записей=0 отказов=0 расхождение=0.0
09-19 00:36:50.990 (+271.3) аим: память кадр=16151 объект=1 отклик=0 записей=9 отказов=0 расхождение=0.0
09-19 00:36:51.242 (+271.5) аим: память кадр=16166 объект=1 отклик=0 записей=24 отказов=0 расхождение=0.0
09-19 00:36:51.495 (+271.8) аим: память кадр=16181 объект=1 отклик=0 записей=39 отказов=0 расхождение=0.0
09-19 00:36:51.745 (+272.1) аим: память кадр=16196 объект=0 отклик=0 записей=0 отказов=0 расхождение=0.0
09-19 00:36:51.996 (+272.3) аим: память кадр=16211 объект=1 отклик=0 записей=10 отказов=0 расхождение=0.0
09-19 00:36:52.249 (+272.6) аим: память кадр=16226 объект=1 отклик=0 записей=22 отказов=0 расхождение=0.0
09-19 00:36:52.500 (+272.8) аим: память кадр=16241 объект=1 отклик=0 записей=36 отказов=0 расхождение=0.0
09-19 00:36:52.752 (+273.1) аим: память кадр=16256 объект=0 отклик=0 записей=0 отказов=0 расхождение=0.0
09-19 00:36:53.003 (+273.3) аим: память кадр=16271 объект=0 отклик=0 записей=0 отказов=0 расхождение=0.0
09-19 00:36:53.255 (+273.6) аим: память кадр=16286 объект=1 отклик=0 записей=0 отказов=0 расхождение=0.0
09-19 00:36:53.507 (+273.8) аим: память кадр=16301 объект=1 отклик=0 записей=0 отказов=0 расхождение=0.0
09-19 00:36:53.758 (+274.1) аим: память кадр=16316 объект=1 отклик=0 записей=5 отказов=0 расхождение=0.0
09-19 00:36:54.009 (+274.3) аим: память кадр=16331 объект=1 отклик=0 записей=13 отказов=0 расхождение=0.0
09-19 00:36:54.262 (+274.6) аим: память кадр=16346 объект=1 отклик=0 записей=13 отказов=0 расхождение=0.0
09-19 00:36:54.514 (+274.8) аим: память кадр=16361 объект=1 отклик=0 записей=26 отказов=0 расхождение=0.0
09-19 00:36:54.766 (+275.1) аим: память кадр=16376 объект=1 отклик=0 записей=41 отказов=0 расхождение=0.0
09-19 00:36:55.017 (+275.3) аим: память кадр=16391 объект=1 отклик=0 записей=56 отказов=0 расхождение=0.0
09-19 00:36:55.269 (+275.6) аим: память кадр=16406 объект=0 отклик=0 записей=0 отказов=0 расхождение=0.0
09-19 00:36:55.518 (+275.8) аим: память кадр=16421 объект=0 отклик=0 записей=0 отказов=0 расхождение=0.0
09-19 00:36:55.770 (+276.1) аим: память кадр=16436 объект=0 отклик=0 записей=0 отказов=0 расхождение=0.0
09-19 00:36:56.022 (+276.3) аим: память кадр=16451 объект=0 отклик=0 записей=0 отказов=0 расхождение=0.0
09-19 00:36:56.274 (+276.6) аим: память кадр=16466 объект=0 отклик=0 записей=0 отказов=0 расхождение=0.0
09-19 00:36:56.525 (+276.8) аим: память кадр=16481 объект=0 отклик=0 записей=0 отказов=0 расхождение=0.0
09-19 00:36:56.777 (+277.1) аим: память кадр=16496 объект=0 отклик=0 записей=0 отказов=0 расхождение=0.0
09-19 00:36:57.028 (+277.3) аим: память кадр=16511 объект=0 отклик=0 записей=0 отказов=0 расхождение=0.0
09-19 00:36:57.280 (+277.6) аим: память кадр=16526 объект=0 отклик=0 записей=0 отказов=0 расхождение=0.0
09-19 00:36:57.542 (+277.8) аим: память кадр=16541 объект=0 отклик=0 записей=0 отказов=0 расхождение=0.0
09-19 00:36:57.795 (+278.1) аим: память кадр=16556 объект=0 отклик=0 записей=0 отказов=0 расхождение=0.0
09-19 00:36:58.047 (+278.4) аим: память кадр=16571 объект=0 отклик=0 записей=0 отказов=0 расхождение=0.0
09-19 00:36:58.299 (+278.6) аим: память кадр=16586 объект=0 отклик=0 записей=0 отказов=0 расхождение=0.0
09-19 00:36:58.550 (+278.9) аим: память кадр=16601 объект=0 отклик=0 записей=0 отказов=0 расхождение=0.0
09-19 00:36:58.802 (+279.1) аим: память кадр=16616 объект=0 отклик=0 записей=0 отказов=0 расхождение=0.0
09-19 00:36:58.803 (+279.1) память: MouseLook=0x71c83ced20 углы=(2.58, 13.61) чувствительность=0.100 инверсия=0 гироскоп=1
09-19 00:36:59.054 (+279.4) аим: память кадр=16631 объект=1 отклик=0 записей=14 отказов=0 расхождение=0.0
09-19 00:36:59.306 (+279.6) аим: память кадр=16646 объект=1 отклик=0 записей=28 отказов=0 расхождение=0.0
09-19 00:36:59.557 (+279.9) аим: память кадр=16661 объект=1 отклик=0 записей=43 отказов=0 расхождение=0.0
09-19 00:36:59.815 (+280.1) аим: память кадр=16676 объект=0 отклик=0 записей=0 отказов=0 расхождение=0.0
09-19 00:37:00.065 (+280.4) аим: память кадр=16691 объект=0 отклик=0 записей=0 отказов=0 расхождение=0.0
09-19 00:37:00.314 (+280.6) аим: память кадр=16706 объект=0 отклик=0 записей=0 отказов=0 расхождение=0.0
09-19 00:37:00.564 (+280.9) аим: память кадр=16721 объект=1 отклик=0 записей=14 отказов=0 расхождение=0.0
09-19 00:37:00.816 (+281.1) аим: память кадр=16736 объект=1 отклик=0 записей=29 отказов=0 расхождение=0.0
09-19 00:37:01.068 (+281.4) аим: память кадр=16751 объект=0 отклик=0 записей=0 отказов=0 расхождение=0.0
09-19 00:37:01.320 (+281.6) аим: память кадр=16766 объект=0 отклик=0 записей=0 отказов=0 расхождение=0.0
09-19 00:37:01.572 (+281.9) аим: память кадр=16781 объект=0 отклик=0 записей=0 отказов=0 расхождение=0.0
09-19 00:37:01.825 (+282.1) аим: память кадр=16796 объект=0 отклик=0 записей=0 отказов=0 расхождение=0.0
09-19 00:37:02.075 (+282.4) аим: память кадр=16811 объект=0 отклик=0 записей=0 отказов=0 расхождение=0.0
09-19 00:37:02.327 (+282.6) аим: память кадр=16826 объект=0 отклик=0 записей=0 отказов=0 расхождение=0.0
09-19 00:37:02.578 (+282.9) аим: память кадр=16841 объект=0 отклик=0 записей=0 отказов=0 расхождение=0.0
09-19 00:37:02.830 (+283.1) аим: память кадр=16856 объект=0 отклик=0 записей=0 отказов=0 расхождение=0.0
09-19 00:37:03.079 (+283.4) аим: память кадр=16871 объект=0 отклик=0 записей=0 отказов=0 расхождение=0.0
09-19 00:37:03.333 (+283.6) аим: память кадр=16886 объект=0 отклик=0 записей=0 отказов=0 расхождение=0.0
09-19 00:37:03.584 (+283.9) аим: память кадр=16901 объект=0 отклик=0 записей=0 отказов=0 расхождение=0.0
09-19 00:37:03.836 (+284.1) аим: память кадр=16916 объект=0 отклик=0 записей=0 отказов=0 расхождение=0.0
09-19 00:37:04.087 (+284.4) аим: память кадр=16931 объект=0 отклик=0 записей=0 отказов=0 расхождение=0.0
09-19 00:37:04.339 (+284.6) аим: память кадр=16946 объект=0 отклик=0 записей=0 отказов=0 расхождение=0.0
09-19 00:37:04.591 (+284.9) аим: память кадр=16961 объект=0 отклик=0 записей=0 отказов=0 расхождение=0.0
09-19 00:37:04.842 (+285.1) аим: память кадр=16976 объект=0 отклик=0 записей=0 отказов=0 расхождение=0.0
09-19 00:37:05.094 (+285.4) аим: память кадр=16991 объект=0 отклик=0 записей=0 отказов=0 расхождение=0.0
09-19 00:37:05.345 (+285.7) аим: память кадр=17006 объект=0 отклик=0 записей=0 отказов=0 расхождение=0.0
09-19 00:37:05.597 (+285.9) аим: память кадр=17021 объект=0 отклик=0 записей=0 отказов=0 расхождение=0.0
09-19 00:37:05.848 (+286.2) аим: память кадр=17036 объект=0 отклик=0 записей=0 отказов=0 расхождение=0.0
09-19 00:37:06.099 (+286.4) аим: память кадр=17051 объект=0 отклик=0 записей=0 отказов=0 расхождение=0.0
09-19 00:37:06.352 (+286.7) аим: память кадр=17066 объект=0 отклик=0 записей=0 отказов=0 расхождение=0.0
09-19 00:37:06.603 (+286.9) аим: память кадр=17081 объект=0 отклик=0 записей=0 отказов=0 расхождение=0.0
09-19 00:37:06.855 (+287.2) аим: память кадр=17096 объект=0 отклик=0 записей=0 отказов=0 расхождение=0.0
09-19 00:37:07.106 (+287.4) аим: память кадр=17111 объект=1 отклик=0 записей=5 отказов=0 расхождение=0.0
09-19 00:37:07.358 (+287.7) аим: память кадр=17126 объект=1 отклик=0 записей=20 отказов=0 расхождение=0.0
09-19 00:37:07.609 (+287.9) аим: память кадр=17141 объект=1 отклик=0 записей=35 отказов=0 расхождение=0.0
09-19 00:37:07.861 (+288.2) аим: память кадр=17156 объект=1 отклик=0 записей=50 отказов=0 расхождение=0.0
09-19 00:37:08.112 (+288.4) аим: память кадр=17171 объект=1 отклик=0 записей=64 отказов=0 расхождение=0.0
09-19 00:37:08.364 (+288.7) аим: память кадр=17186 объект=1 отклик=0 записей=78 отказов=0 расхождение=0.0
09-19 00:37:08.616 (+288.9) аим: память кадр=17201 объект=0 отклик=0 записей=0 отказов=0 расхождение=0.0
09-19 00:37:08.868 (+289.2) аим: память кадр=17216 объект=0 отклик=0 записей=0 отказов=0 расхождение=0.0
09-19 00:37:09.121 (+289.4) аим: память кадр=17231 объект=0 отклик=0 записей=0 отказов=0 расхождение=0.0
09-19 00:37:09.369 (+289.7) аим: память кадр=17246 объект=1 отклик=0 записей=6 отказов=0 расхождение=0.0
09-19 00:37:09.623 (+289.9) аим: память кадр=17261 объект=1 отклик=0 записей=21 отказов=0 расхождение=0.0
09-19 00:37:09.874 (+290.2) аим: память кадр=17276 объект=1 отклик=0 записей=36 отказов=0 расхождение=0.0
09-19 00:37:10.126 (+290.4) аим: память кадр=17291 объект=0 отклик=0 записей=0 отказов=0 расхождение=0.0
09-19 00:37:10.377 (+290.7) аим: память кадр=17306 объект=0 отклик=0 записей=0 отказов=0 расхождение=0.0
09-19 00:37:10.630 (+290.9) аим: память кадр=17321 объект=0 отклик=0 записей=0 отказов=0 расхождение=0.0
09-19 00:37:10.882 (+291.2) аим: память кадр=17336 объект=0 отклик=0 записей=0 отказов=0 расхождение=0.0
09-19 00:37:11.133 (+291.4) аим: память кадр=17351 объект=0 отклик=0 записей=0 отказов=0 расхождение=0.0
09-19 00:37:11.385 (+291.7) аим: память кадр=17366 объект=0 отклик=0 записей=0 отказов=0 расхождение=0.0
09-19 00:37:11.636 (+291.9) аим: память кадр=17381 объект=0 отклик=0 записей=0 отказов=0 расхождение=0.0
09-19 00:37:11.887 (+292.2) аим: память кадр=17396 объект=1 отклик=0 записей=7 отказов=0 расхождение=0.0
09-19 00:37:12.143 (+292.5) аим: память кадр=17411 объект=1 отклик=0 записей=22 отказов=0 расхождение=0.0
09-19 00:37:12.390 (+292.7) аим: память кадр=17426 объект=1 отклик=0 записей=37 отказов=0 расхождение=0.0
09-19 00:37:12.643 (+293.0) аим: память кадр=17441 объект=0 отклик=0 записей=0 отказов=0 расхождение=0.0
09-19 00:37:12.895 (+293.2) аим: память кадр=17456 объект=0 отклик=0 записей=0 отказов=0 расхождение=0.0
09-19 00:37:13.143 (+293.5) аим: память кадр=17471 объект=0 отклик=0 записей=0 отказов=0 расхождение=0.0
09-19 00:37:13.395 (+293.7) аим: память кадр=17486 объект=0 отклик=0 записей=0 отказов=0 расхождение=0.0
09-19 00:37:13.646 (+294.0) аим: память кадр=17501 объект=0 отклик=0 записей=0 отказов=0 расхождение=0.0
09-19 00:37:13.898 (+294.2) аим: память кадр=17516 объект=0 отклик=0 записей=0 отказов=0 расхождение=0.0
09-19 00:37:14.149 (+294.5) аим: память кадр=17531 объект=0 отклик=0 записей=0 отказов=0 расхождение=0.0
09-19 00:37:14.401 (+294.7) аим: память кадр=17546 объект=0 отклик=0 записей=0 отказов=0 расхождение=0.0
09-19 00:37:14.653 (+295.0) аим: память кадр=17561 объект=0 отклик=0 записей=0 отказов=0 расхождение=0.0
09-19 00:37:14.905 (+295.2) аим: память кадр=17576 объект=0 отклик=0 записей=0 отказов=0 расхождение=0.0
09-19 00:37:15.157 (+295.5) аим: память кадр=17591 объект=0 отклик=0 записей=0 отказов=0 расхождение=0.0
09-19 00:37:15.417 (+295.7) аим: память кадр=17605 объект=0 отклик=0 записей=0 отказов=0 расхождение=0.0
09-19 00:37:15.670 (+296.0) аим: память кадр=17620 объект=0 отклик=0 записей=0 отказов=0 расхождение=0.0
09-19 00:37:15.921 (+296.2) аим: память кадр=17635 объект=0 отклик=0 записей=0 отказов=0 расхождение=0.0
09-19 00:37:16.089 (+296.4) память: MouseLook=0x7276678140 углы=(-0.45, -88.63) чувствительность=0.100 инверсия=0 гироскоп=1
09-19 00:37:16.175 (+296.5) аим: память кадр=17650 объект=1 отклик=0 записей=5 отказов=0 расхождение=0.0
09-19 00:37:16.424 (+296.7) аим: память кадр=17665 объект=1 отклик=0 записей=20 отказов=0 расхождение=0.0
09-19 00:37:16.675 (+297.0) аим: память кадр=17680 объект=1 отклик=0 записей=31 отказов=0 расхождение=0.0
09-19 00:37:16.927 (+297.2) аим: память кадр=17695 объект=1 отклик=0 записей=46 отказов=0 расхождение=0.0
09-19 00:37:17.179 (+297.5) аим: память кадр=17710 объект=1 отклик=0 записей=61 отказов=0 расхождение=0.0
09-19 00:37:17.430 (+297.7) аим: память кадр=17725 объект=1 отклик=0 записей=73 отказов=0 расхождение=0.0
09-19 00:37:17.682 (+298.0) аим: память кадр=17740 объект=1 отклик=0 записей=85 отказов=0 расхождение=0.0
09-19 00:37:17.934 (+298.2) аим: память кадр=17755 объект=0 отклик=0 записей=0 отказов=0 расхождение=0.0
09-19 00:37:18.185 (+298.5) аим: память кадр=17770 объект=0 отклик=0 записей=0 отказов=0 расхождение=0.0
09-19 00:37:18.435 (+298.7) аим: память кадр=17785 объект=0 отклик=0 записей=0 отказов=0 расхождение=0.0
09-19 00:37:18.691 (+299.0) аим: память кадр=17800 объект=0 отклик=0 записей=0 отказов=0 расхождение=0.0
09-19 00:37:18.938 (+299.2) аим: память кадр=17815 объект=1 отклик=0 записей=10 отказов=0 расхождение=0.0
09-19 00:37:19.191 (+299.5) аим: память кадр=17830 объект=0 отклик=0 записей=0 отказов=0 расхождение=0.0
09-19 00:37:19.440 (+299.7) аим: память кадр=17845 объект=0 отклик=0 записей=0 отказов=0 расхождение=0.0
09-19 00:37:19.692 (+300.0) аим: память кадр=17860 объект=0 отклик=0 записей=0 отказов=0 расхождение=0.0
09-19 00:37:19.944 (+300.3) аим: память кадр=17875 объект=0 отклик=0 записей=0 отказов=0 расхождение=0.0
09-19 00:37:20.195 (+300.5) аим: память кадр=17890 объект=0 отклик=0 записей=0 отказов=0 расхождение=0.0
09-19 00:37:20.447 (+300.8) аим: память кадр=17905 объект=0 отклик=0 записей=0 отказов=0 расхождение=0.0
09-19 00:37:20.698 (+301.0) аим: память кадр=17920 объект=0 отклик=0 записей=0 отказов=0 расхождение=0.0
09-19 00:37:20.950 (+301.3) аим: память кадр=17935 объект=0 отклик=0 записей=0 отказов=0 расхождение=0.0
09-19 00:37:21.202 (+301.5) аим: память кадр=17950 объект=0 отклик=0 записей=0 отказов=0 расхождение=0.0
09-19 00:37:21.465 (+301.8) аим: память кадр=17965 объект=0 отклик=0 записей=0 отказов=0 расхождение=0.0
09-19 00:37:21.718 (+302.0) аим: память кадр=17980 объект=0 отклик=0 записей=0 отказов=0 расхождение=0.0
09-19 00:37:21.969 (+302.3) аим: память кадр=17995 объект=0 отклик=0 записей=0 отказов=0 расхождение=0.0
09-19 00:37:22.221 (+302.5) аим: память кадр=18010 объект=0 отклик=0 записей=0 отказов=0 расхождение=0.0
09-19 00:37:22.473 (+302.8) аим: память кадр=18025 объект=0 отклик=0 записей=0 отказов=0 расхождение=0.0
09-19 00:37:22.725 (+303.0) аим: память кадр=18040 объект=0 отклик=0 записей=0 отказов=0 расхождение=0.0
09-19 00:37:22.843 (+303.1) память: MouseLook=0x6f8262c460 углы=(0.55, 40.25) чувствительность=0.100 инверсия=0 гироскоп=1
09-19 00:37:22.976 (+303.3) аим: память кадр=18055 объект=1 отклик=0 записей=7 отказов=0 расхождение=0.0
09-19 00:37:23.228 (+303.5) аим: память кадр=18070 объект=1 отклик=0 записей=22 отказов=0 расхождение=0.0
09-19 00:37:23.481 (+303.8) аим: память кадр=18085 объект=1 отклик=0 записей=35 отказов=0 расхождение=0.0
09-19 00:37:23.731 (+304.0) аим: память кадр=18100 объект=0 отклик=0 записей=0 отказов=0 расхождение=0.0
09-19 00:37:23.982 (+304.3) аим: память кадр=18115 объект=0 отклик=0 записей=0 отказов=0 расхождение=0.0
09-19 00:37:24.234 (+304.5) аим: память кадр=18130 объект=0 отклик=0 записей=0 отказов=0 расхождение=0.0
09-19 00:37:24.487 (+304.8) аим: память кадр=18145 объект=1 отклик=0 записей=4 отказов=0 расхождение=0.0
09-19 00:37:24.738 (+305.0) аим: память кадр=18160 объект=1 отклик=0 записей=18 отказов=0 расхождение=0.0
09-19 00:37:24.991 (+305.3) аим: память кадр=18175 объект=1 отклик=0 записей=33 отказов=0 расхождение=0.0
09-19 00:37:25.243 (+305.5) аим: память кадр=18190 объект=0 отклик=0 записей=0 отказов=0 расхождение=0.0
09-19 00:37:25.494 (+305.8) аим: память кадр=18205 объект=0 отклик=0 записей=0 отказов=0 расхождение=0.0
09-19 00:37:25.745 (+306.1) аим: память кадр=18220 объект=1 отклик=0 записей=5 отказов=0 расхождение=0.0
09-19 00:37:25.997 (+306.3) аим: память кадр=18235 объект=1 отклик=0 записей=19 отказов=0 расхождение=0.0
09-19 00:37:26.249 (+306.6) аим: память кадр=18250 объект=1 отклик=0 записей=34 отказов=0 расхождение=0.0
09-19 00:37:26.501 (+306.8) аим: память кадр=18265 объект=0 отклик=0 записей=0 отказов=0 расхождение=0.0
09-19 00:37:26.753 (+307.1) аим: память кадр=18280 объект=0 отклик=0 записей=0 отказов=0 расхождение=0.0
09-19 00:37:27.002 (+307.3) аим: память кадр=18295 объект=0 отклик=0 записей=0 отказов=0 расхождение=0.0
09-19 00:37:27.255 (+307.6) аим: память кадр=18310 объект=0 отклик=0 записей=0 отказов=0 расхождение=0.0
09-19 00:37:27.507 (+307.8) аим: память кадр=18325 объект=0 отклик=0 записей=0 отказов=0 расхождение=0.0
09-19 00:37:27.758 (+308.1) аим: память кадр=18340 объект=0 отклик=0 записей=0 отказов=0 расхождение=0.0
09-19 00:37:28.010 (+308.3) аим: память кадр=18355 объект=0 отклик=0 записей=0 отказов=0 расхождение=0.0
09-19 00:37:28.261 (+308.6) аим: память кадр=18370 объект=0 отклик=0 записей=0 отказов=0 расхождение=0.0
09-19 00:37:28.512 (+308.8) аим: память кадр=18385 объект=1 отклик=0 записей=8 отказов=0 расхождение=0.0
09-19 00:37:28.765 (+309.1) аим: память кадр=18400 объект=1 отклик=0 записей=23 отказов=0 расхождение=0.0
09-19 00:37:29.015 (+309.3) аим: память кадр=18415 объект=1 отклик=0 записей=38 отказов=0 расхождение=0.0
09-19 00:37:29.268 (+309.6) аим: память кадр=18430 объект=0 отклик=0 записей=0 отказов=0 расхождение=0.0
09-19 00:37:29.520 (+309.8) аим: память кадр=18445 объект=0 отклик=0 записей=0 отказов=0 расхождение=0.0
09-19 00:37:29.772 (+310.1) аим: память кадр=18460 объект=0 отклик=0 записей=0 отказов=0 расхождение=0.0
09-19 00:37:30.022 (+310.3) аим: память кадр=18475 объект=0 отклик=0 записей=0 отказов=0 расхождение=0.0
09-19 00:37:30.275 (+310.6) аим: память кадр=18490 объект=0 отклик=0 записей=0 отказов=0 расхождение=0.0
09-19 00:37:30.527 (+310.8) аим: память кадр=18505 объект=0 отклик=0 записей=0 отказов=0 расхождение=0.0
09-19 00:37:30.784 (+311.1) аим: память кадр=18520 объект=0 отклик=0 записей=0 отказов=0 расхождение=0.0
09-19 00:37:31.031 (+311.3) аим: память кадр=18535 объект=0 отклик=0 записей=0 отказов=0 расхождение=0.0
09-19 00:37:31.284 (+311.6) аим: память кадр=18550 объект=0 отклик=0 записей=0 отказов=0 расхождение=0.0
09-19 00:37:31.534 (+311.8) аим: память кадр=18565 объект=0 отклик=0 записей=0 отказов=0 расхождение=0.0
09-19 00:37:31.786 (+312.1) аим: память кадр=18580 объект=0 отклик=0 записей=0 отказов=0 расхождение=0.0
09-19 00:37:32.038 (+312.3) аим: память кадр=18595 объект=0 отклик=0 записей=0 отказов=0 расхождение=0.0
09-19 00:37:32.289 (+312.6) аим: память кадр=18610 объект=0 отклик=0 записей=0 отказов=0 расхождение=0.0
09-19 00:37:32.541 (+312.8) аим: память кадр=18625 объект=0 отклик=0 записей=0 отказов=0 расхождение=0.0
09-19 00:37:32.792 (+313.1) аим: память кадр=18640 объект=0 отклик=0 записей=0 отказов=0 расхождение=0.0
09-19 00:37:33.048 (+313.4) аим: память кадр=18655 объект=0 отклик=0 записей=0 отказов=0 расхождение=0.0
09-19 00:37:33.296 (+313.6) аим: память кадр=18670 объект=0 отклик=0 записей=0 отказов=0 расхождение=0.0
09-19 00:37:33.550 (+313.9) аим: память кадр=18685 объект=0 отклик=0 записей=0 отказов=0 расхождение=0.0
09-19 00:37:33.798 (+314.1) аим: память кадр=18700 объект=0 отклик=0 записей=0 отказов=0 расхождение=0.0
09-19 00:37:34.051 (+314.4) аим: память кадр=18715 объект=0 отклик=0 записей=0 отказов=0 расхождение=0.0
09-19 00:37:34.303 (+314.6) аим: память кадр=18730 объект=0 отклик=0 записей=0 отказов=0 расхождение=0.0
09-19 00:37:34.555 (+314.9) аим: память кадр=18745 объект=0 отклик=0 записей=0 отказов=0 расхождение=0.0
09-19 00:37:34.806 (+315.1) аим: память кадр=18760 объект=0 отклик=0 записей=0 отказов=0 расхождение=0.0
09-19 00:37:35.057 (+315.4) аим: память кадр=18775 объект=0 отклик=0 записей=0 отказов=0 расхождение=0.0
09-19 00:37:35.308 (+315.6) аим: память кадр=18790 объект=0 отклик=0 записей=0 отказов=0 расхождение=0.0
09-19 00:37:35.561 (+315.9) аим: память кадр=18805 объект=0 отклик=0 записей=0 отказов=0 расхождение=0.0
09-19 00:37:35.811 (+316.1) аим: память кадр=18820 объект=0 отклик=0 записей=0 отказов=0 расхождение=0.0
09-19 00:37:36.069 (+316.4) аим: память кадр=18835 объект=0 отклик=0 записей=0 отказов=0 расхождение=0.0
09-19 00:37:36.315 (+316.6) аим: память кадр=18850 объект=0 отклик=0 записей=0 отказов=0 расхождение=0.0
09-19 00:37:36.567 (+316.9) аим: память кадр=18865 объект=0 отклик=0 записей=0 отказов=0 расхождение=0.0
09-19 00:37:36.818 (+317.1) аим: память кадр=18880 объект=0 отклик=0 записей=0 отказов=0 расхождение=0.0
09-19 00:37:37.069 (+317.4) аим: память кадр=18895 объект=0 отклик=0 записей=0 отказов=0 расхождение=0.0
09-19 00:37:37.321 (+317.6) аим: память кадр=18910 объект=0 отклик=0 записей=0 отказов=0 расхождение=0.0
09-19 00:37:37.574 (+317.9) аим: память кадр=18925 объект=0 отклик=0 записей=0 отказов=0 расхождение=0.0
09-19 00:37:37.826 (+318.1) аим: память кадр=18940 объект=0 отклик=0 записей=0 отказов=0 расхождение=0.0
09-19 00:37:38.078 (+318.4) аим: память кадр=18955 объект=0 отклик=0 записей=0 отказов=0 расхождение=0.0
09-19 00:37:38.329 (+318.6) аим: память кадр=18970 объект=0 отклик=0 записей=0 отказов=0 расхождение=0.0
09-19 00:37:38.581 (+318.9) аим: память кадр=18985 объект=0 отклик=0 записей=0 отказов=0 расхождение=0.0
09-19 00:37:38.833 (+319.1) аим: память кадр=19000 объект=0 отклик=0 записей=0 отказов=0 расхождение=0.0
09-19 00:37:39.085 (+319.4) аим: память кадр=19015 объект=0 отклик=0 записей=0 отказов=0 расхождение=0.0
09-19 00:37:39.337 (+319.6) аим: память кадр=19030 объект=0 отклик=0 записей=0 отказов=0 расхождение=0.0
09-19 00:37:39.538 (+319.8) аим: выбран режим 0 (Тач), аим включён
09-19 00:37:58.811 (+339.1) фрикам: перебор — трансформ 0x70e08ad270, из компонента 0x0, кандидатов 8, позиций 0, ближайшее -1.0 м
09-19 00:37:58.811 (+339.1) фрикам: не включён — массивы Transform не читаются (0x70e08ad270)
09-19 00:38:00.831 (+341.1) фрикам: перебор — трансформ 0x70e08ad270, из компонента 0x0, кандидатов 8, позиций 0, ближайшее -1.0 м
09-19 00:38:00.831 (+341.1) фрикам: не включён — массивы Transform не читаются (0x70e08ad270)
